date,seqno
2011-05-28,1
2011-05-29,2
2011-05-30,3
2011-05-31,4
2011-06-01,5
2011-06-02,6
2011-06-03,7
2011-06-04,8
2011-06-05,9
2011-06-06,10
2011-06-07,11
2011-06-08,12
2011-06-09,13
2011-06-10,14
2011-06-11,15
2011-06-12,16
2011-06-13,17
2011-06-14,18
2011-06-15,19
2011-06-16,20
2011-06-17,21
2011-06-18,22
2011-06-19,23
2011-06-20,24
2011-06-21,25
2011-06-22,26
2011-06-23,27
2011-06-24,28
2011-06-25,29
2011-06-26,30
2011-06-27,31
2011-06-28,32
2011-06-29,33
2011-06-30,34
2011-07-01,35
2011-07-02,36
2011-07-03,37
2011-07-04,38
2011-07-05,39
2011-07-06,40
2011-07-07,41
2011-07-08,42
2011-07-09,43
2011-07-10,44
2011-07-11,45
2011-07-12,46
2011-07-13,47
2011-07-14,48
2011-07-15,49
2011-07-16,50
2011-07-17,51
2011-07-18,52
2011-07-19,53
2011-07-20,54
2011-07-21,55
2011-07-22,56
2011-07-23,57
2011-07-24,58
2011-07-25,59
2011-07-26,60
2011-07-27,61
2011-07-28,62
2011-07-29,63
2011-07-30,64
2011-07-31,65
2011-08-01,66
2011-08-02,67
2011-08-03,68
2011-08-04,69
2011-08-05,70
2011-08-06,71
2011-08-07,72
2011-08-08,73
2011-08-09,74
2011-08-10,75
2011-08-11,76
2011-08-12,77
2011-08-13,78
2011-08-14,79
2011-08-15,80
2011-08-16,81
2011-08-17,82
2011-08-18,83
2011-08-19,84
2011-08-20,85
2011-08-21,86
2011-08-22,87
2011-08-23,88
2011-08-24,89
2011-08-25,90
2011-08-26,91
2011-08-27,92
2011-08-28,93
2011-08-29,94
2011-08-30,95
2011-08-31,96
2011-09-01,97
2011-09-02,98
2011-09-03,99
2011-09-04,100
2011-09-05,101
2011-09-06,102
2011-09-07,103
2011-09-08,104
2011-09-09,105
2011-09-10,106
2011-09-11,107
2011-09-12,108
2011-09-13,109
2011-09-14,110
2011-09-15,111
2011-09-16,112
2011-09-17,113
2011-09-18,114
2011-09-19,115
2011-09-20,116
2011-09-21,117
2011-09-22,118
2011-09-23,119
2011-09-24,120
2011-09-25,121
2011-09-26,122
2011-09-27,123
2011-09-28,124
2011-09-29,125
2011-09-30,126
2011-10-01,127
2011-10-02,128
2011-10-03,129
2011-10-04,130
2011-10-05,131
2011-10-06,132
2011-10-07,133
2011-10-08,134
2011-10-09,135
2011-10-10,136
2011-10-11,137
2011-10-12,138
2011-10-13,139
2011-10-14,140
2011-10-15,141
2011-10-16,142
2011-10-17,143
2011-10-18,144
2011-10-19,145
2011-10-20,146
2011-10-21,147
2011-10-22,148
2011-10-23,149
2011-10-24,150
2011-10-25,151
2011-10-26,152
2011-10-27,153
2011-10-28,154
2011-10-29,155
2011-10-30,156
2011-10-31,157
2011-11-01,158
2011-11-02,159
2011-11-03,160
2011-11-04,161
2011-11-05,162
2011-11-06,163
2011-11-07,164
2011-11-08,165
2011-11-09,166
2011-11-10,167
2011-11-11,168
2011-11-12,169
2011-11-13,170
2011-11-14,171
2011-11-15,172
2011-11-16,173
2011-11-17,174
2011-11-18,175
2011-11-19,176
2011-11-20,177
2011-11-21,178
2011-11-22,179
2011-11-23,180
2011-11-24,181
2011-11-25,182
2011-11-26,183
2011-11-27,184
2011-11-28,185
2011-11-29,186
2011-11-30,187
2011-12-01,188
2011-12-02,189
2011-12-03,190
2011-12-04,191
2011-12-05,192
2011-12-06,193
2011-12-07,194
2011-12-08,195
2011-12-09,196
2011-12-10,197
2011-12-11,198
2011-12-12,199
2011-12-13,200
2011-12-14,201
2011-12-15,202
2011-12-16,203
2011-12-17,204
2011-12-18,205
2011-12-19,206
2011-12-20,207
2011-12-21,208
2011-12-22,209
2011-12-23,210
2011-12-24,211
2011-12-25,212
2011-12-26,213
2011-12-27,214
2011-12-28,215
2011-12-29,216
2011-12-30,217
2011-12-31,218
2012-01-01,219
2012-01-02,220
2012-01-03,221
2012-01-04,222
2012-01-05,223
2012-01-06,224
2012-01-07,225
2012-01-08,226
2012-01-09,227
2012-01-10,228
2012-01-11,229
2012-01-12,230
2012-01-13,231
2012-01-14,232
2012-01-15,233
2012-01-16,234
2012-01-17,235
2012-01-18,236
2012-01-19,237
2012-01-20,238
2012-01-21,239
2012-01-22,240
2012-01-23,241
2012-01-24,242
2012-01-25,243
2012-01-26,244
2012-01-27,245
2012-01-28,246
2012-01-29,247
2012-01-30,248
2012-01-31,249
2012-02-01,250
2012-02-02,251
2012-02-03,252
2012-02-04,253
2012-02-05,254
2012-02-06,255
2012-02-07,256
2012-02-08,257
2012-02-09,258
2012-02-10,259
2012-02-11,260
2012-02-12,261
2012-02-13,262
2012-02-14,263
2012-02-15,264
2012-02-16,265
2012-02-17,266
2012-02-18,267
2012-02-19,268
2012-02-20,269
2012-02-21,270
2012-02-22,271
2012-02-23,272
2012-02-24,273
2012-02-25,274
2012-02-26,275
2012-02-27,276
2012-02-28,277
2012-02-29,278
2012-03-01,279
2012-03-02,280
2012-03-03,281
2012-03-04,282
2012-03-05,283
2012-03-06,284
2012-03-07,285
2012-03-08,286
2012-03-09,287
2012-03-10,288
2012-03-11,289
2012-03-12,290
2012-03-13,291
2012-03-14,292
2012-03-15,293
2012-03-16,294
2012-03-17,295
2012-03-18,296
2012-03-19,297
2012-03-20,298
2012-03-21,299
2012-03-22,300
2012-03-23,301
2012-03-24,302
2012-03-25,303
2012-03-26,304
2012-03-27,305
2012-03-28,306
2012-03-29,307
2012-03-30,308
2012-03-31,309
2012-04-01,310
2012-04-02,311
2012-04-03,312
2012-04-04,313
2012-04-05,314
2012-04-06,315
2012-04-07,316
2012-04-08,317
2012-04-09,318
2012-04-10,319
2012-04-11,320
2012-04-12,321
2012-04-13,322
2012-04-14,323
2012-04-15,324
2012-04-16,325
2012-04-17,326
2012-04-18,327
2012-04-19,328
2012-04-20,329
2012-04-21,330
2012-04-22,331
2012-04-23,332
2012-04-24,333
2012-04-25,334
2012-04-26,335
2012-04-27,336
2012-04-28,337
2012-04-29,338
2012-04-30,339
2012-05-01,340
2012-05-02,341
2012-05-03,342
2012-05-04,343
2012-05-05,344
2012-05-06,345
2012-05-07,346
2012-05-08,347
2012-05-09,348
2012-05-10,349
2012-05-11,350
2012-05-12,351
2012-05-13,352
2012-05-14,353
2012-05-15,354
2012-05-16,355
2012-05-17,356
2012-05-18,357
2012-05-19,358
2012-05-20,359
2012-05-21,360
2012-05-22,361
2012-05-23,362
2012-05-24,363
2012-05-25,364
2012-05-26,365
2012-05-27,366
2012-05-28,367
2012-05-29,368
2012-05-30,369
2012-05-31,370
2012-06-01,371
2012-06-02,372
2012-06-03,373
2012-06-04,374
2012-06-05,375
2012-06-06,376
2012-06-07,377
2012-06-08,378
2012-06-09,379
2012-06-10,380
2012-06-11,381
2012-06-12,382
2012-06-13,383
2012-06-14,384
2012-06-15,385
2012-06-16,386
2012-06-17,387
2012-06-18,388
2012-06-19,389
2012-06-20,390
2012-06-21,391
2012-06-22,392
2012-06-23,393
2012-06-24,394
2012-06-25,395
2012-06-26,396
2012-06-27,397
2012-06-28,398
2012-06-29,399
2012-06-30,400
2012-07-01,401
2012-07-02,402
2012-07-03,403
2012-07-04,404
2012-07-05,405
2012-07-06,406
2012-07-07,407
2012-07-08,408
2012-07-09,409
2012-07-10,410
2012-07-11,411
2012-07-12,412
2012-07-13,413
2012-07-14,414
2012-07-15,415
2012-07-16,416
2012-07-17,417
2012-07-18,418
2012-07-19,419
2012-07-20,420
2012-07-21,421
2012-07-22,422
2012-07-23,423
2012-07-24,424
2012-07-25,425
2012-07-26,426
2012-07-27,427
2012-07-28,428
2012-07-29,429
2012-07-30,430
2012-07-31,431
2012-08-01,432
2012-08-02,433
2012-08-03,434
2012-08-04,435
2012-08-05,436
2012-08-06,437
2012-08-07,438
2012-08-08,439
2012-08-09,440
2012-08-10,441
2012-08-11,442
2012-08-12,443
2012-08-13,444
2012-08-14,445
2012-08-15,446
2012-08-16,447
2012-08-17,448
2012-08-18,449
2012-08-19,450
2012-08-20,451
2012-08-21,452
2012-08-22,453
2012-08-23,454
2012-08-24,455
2012-08-25,456
2012-08-26,457
2012-08-27,458
2012-08-28,459
2012-08-29,460
2012-08-30,461
2012-08-31,462
2012-09-01,463
2012-09-02,464
2012-09-03,465
2012-09-04,466
2012-09-05,467
2012-09-06,468
2012-09-07,469
2012-09-08,470
2012-09-09,471
2012-09-10,472
2012-09-11,473
2012-09-12,474
2012-09-13,475
2012-09-14,476
2012-09-15,477
2012-09-16,478
2012-09-17,479
2012-09-18,480
2012-09-19,481
2012-09-20,482
2012-09-21,483
2012-09-22,484
2012-09-23,485
2012-09-24,486
2012-09-25,487
2012-09-26,488
2012-09-27,489
2012-09-28,490
2012-09-29,491
2012-09-30,492
2012-10-01,493
2012-10-02,494
2012-10-03,495
2012-10-04,496
2012-10-05,497
2012-10-06,498
2012-10-07,499
2012-10-08,500
2012-10-09,501
2012-10-10,502
2012-10-11,503
2012-10-12,504
2012-10-13,505
2012-10-14,506
2012-10-15,507
2012-10-16,508
2012-10-17,509
2012-10-18,510
2012-10-19,511
2012-10-20,512
2012-10-21,513
2012-10-22,514
2012-10-23,515
2012-10-24,516
2012-10-25,517
2012-10-26,518
2012-10-27,519
2012-10-28,520
2012-10-29,521
2012-10-30,522
2012-10-31,523
2012-11-01,524
2012-11-02,525
2012-11-03,526
2012-11-04,527
2012-11-05,528
2012-11-06,529
2012-11-07,530
2012-11-08,531
2012-11-09,532
2012-11-10,533
2012-11-11,534
2012-11-12,535
2012-11-13,536
2012-11-14,537
2012-11-15,538
2012-11-16,539
2012-11-17,540
2012-11-18,541
2012-11-19,542
2012-11-20,543
2012-11-21,544
2012-11-22,545
2012-11-23,546
2012-11-24,547
2012-11-25,548
2012-11-26,549
2012-11-27,550
2012-11-28,551
2012-11-29,552
2012-11-30,553
2012-12-01,554
2012-12-02,555
2012-12-03,556
2012-12-04,557
2012-12-05,558
2012-12-06,559
2012-12-07,560
2012-12-08,561
2012-12-09,562
2012-12-10,563
2012-12-11,564
2012-12-12,565
2012-12-13,566
2012-12-14,567
2012-12-15,568
2012-12-16,569
2012-12-17,570
2012-12-18,571
2012-12-19,572
2012-12-20,573
2012-12-21,574
2012-12-22,575
2012-12-23,576
2012-12-24,577
2012-12-25,578
2012-12-26,579
2012-12-27,580
2012-12-28,581
2012-12-29,582
2012-12-30,583
2012-12-31,584
2013-01-01,585
2013-01-02,586
2013-01-03,587
2013-01-04,588
2013-01-05,589
2013-01-06,590
2013-01-07,591
2013-01-08,592
2013-01-09,593
2013-01-10,594
2013-01-11,595
2013-01-12,596
2013-01-13,597
2013-01-14,598
2013-01-15,599
2013-01-16,600
2013-01-17,601
2013-01-18,602
2013-01-19,603
2013-01-20,604
2013-01-21,605
2013-01-22,606
2013-01-23,607
2013-01-24,608
2013-01-25,609
2013-01-26,610
2013-01-27,611
2013-01-28,612
2013-01-29,613
2013-01-30,614
2013-01-31,615
2013-02-01,616
2013-02-02,617
2013-02-03,618
2013-02-04,619
2013-02-05,620
2013-02-06,621
2013-02-07,622
2013-02-08,623
2013-02-09,624
2013-02-10,625
2013-02-11,626
2013-02-12,627
2013-02-13,628
2013-02-14,629
2013-02-15,630
2013-02-16,631
2013-02-17,632
2013-02-18,633
2013-02-19,634
2013-02-20,635
2013-02-21,636
2013-02-22,637
2013-02-23,638
2013-02-24,639
2013-02-25,640
2013-02-26,641
2013-02-27,642
2013-02-28,643
2013-03-01,644
2013-03-02,645
2013-03-03,646
2013-03-04,647
2013-03-05,648
2013-03-06,649
2013-03-07,650
2013-03-08,651
2013-03-09,652
2013-03-10,653
2013-03-11,654
2013-03-12,655
2013-03-13,656
2013-03-14,657
2013-03-15,658
2013-03-16,659
2013-03-17,660
2013-03-18,661
2013-03-19,662
2013-03-20,663
2013-03-21,664
2013-03-22,665
2013-03-23,666
2013-03-24,667
2013-03-25,668
2013-03-26,669
2013-03-27,670
2013-03-28,671
2013-03-29,672
2013-03-30,673
2013-03-31,674
2013-04-01,675
2013-04-02,676
2013-04-03,677
2013-04-04,678
2013-04-05,679
2013-04-06,680
2013-04-07,681
2013-04-08,682
2013-04-09,683
2013-04-10,684
2013-04-11,685
2013-04-12,686
2013-04-13,687
2013-04-14,688
2013-04-15,689
2013-04-16,690
2013-04-17,691
2013-04-18,692
2013-04-19,693
2013-04-20,694
2013-04-21,695
2013-04-22,696
2013-04-23,697
2013-04-24,698
2013-04-25,699
2013-04-26,700
2013-04-27,701
2013-04-28,702
2013-04-29,703
2013-04-30,704
2013-05-01,705
2013-05-02,706
2013-05-03,707
2013-05-04,708
2013-05-05,709
2013-05-06,710
2013-05-07,711
2013-05-08,712
2013-05-09,713
2013-05-10,714
2013-05-11,715
2013-05-12,716
2013-05-13,717
2013-05-14,718
2013-05-15,719
2013-05-16,720
2013-05-17,721
2013-05-18,722
2013-05-19,723
2013-05-20,724
2013-05-21,725
2013-05-22,726
2013-05-23,727
2013-05-24,728
2013-05-25,729
2013-05-26,730
2013-05-27,731
2013-05-28,732
2013-05-29,733
2013-05-30,734
2013-05-31,735
2013-06-01,736
2013-06-02,737
2013-06-03,738
2013-06-04,739
2013-06-05,740
2013-06-06,741
2013-06-07,742
2013-06-08,743
2013-06-09,744
2013-06-10,745
2013-06-11,746
2013-06-12,747
2013-06-13,748
2013-06-14,749
2013-06-15,750
2013-06-16,751
2013-06-17,752
2013-06-18,753
2013-06-19,754
2013-06-20,755
2013-06-21,756
2013-06-22,757
2013-06-23,758
2013-06-24,759
2013-06-25,760
2013-06-26,761
2013-06-27,762
2013-06-28,763
2013-06-29,764
2013-06-30,765
2013-07-01,766
2013-07-02,767
2013-07-03,768
2013-07-04,769
2013-07-05,770
2013-07-06,771
2013-07-07,772
2013-07-08,773
2013-07-09,774
2013-07-10,775
2013-07-11,776
2013-07-12,777
2013-07-13,778
2013-07-14,779
2013-07-15,780
2013-07-16,781
2013-07-17,782
2013-07-18,783
2013-07-19,784
2013-07-20,785
2013-07-21,786
2013-07-22,787
2013-07-23,788
2013-07-24,789
2013-07-25,790
2013-07-26,791
2013-07-27,792
2013-07-28,793
2013-07-29,794
2013-07-30,795
2013-07-31,796
2013-08-01,797
2013-08-02,798
2013-08-03,799
2013-08-04,800
2013-08-05,801
2013-08-06,802
2013-08-07,803
2013-08-08,804
2013-08-09,805
2013-08-10,806
2013-08-11,807
2013-08-12,808
2013-08-13,809
2013-08-14,810
2013-08-15,811
2013-08-16,812
2013-08-17,813
2013-08-18,814
2013-08-19,815
2013-08-20,816
2013-08-21,817
2013-08-22,818
2013-08-23,819
2013-08-24,820
2013-08-25,821
2013-08-26,822
2013-08-27,823
2013-08-28,824
2013-08-29,825
2013-08-30,826
2013-08-31,827
2013-09-01,828
2013-09-02,829
2013-09-03,830
2013-09-04,831
2013-09-05,832
2013-09-06,833
2013-09-07,834
2013-09-08,835
2013-09-09,836
2013-09-10,837
2013-09-11,838
2013-09-12,839
2013-09-13,840
2013-09-14,841
2013-09-15,842
2013-09-16,843
2013-09-17,844
2013-09-18,845
2013-09-19,846
2013-09-20,847
2013-09-21,848
2013-09-22,849
2013-09-23,850
2013-09-24,851
2013-09-25,852
2013-09-26,853
2013-09-27,854
2013-09-28,855
2013-09-29,856
2013-09-30,857
2013-10-01,858
2013-10-02,859
2013-10-03,860
2013-10-04,861
2013-10-05,862
2013-10-06,863
2013-10-07,864
2013-10-08,865
2013-10-09,866
2013-10-10,867
2013-10-11,868
2013-10-12,869
2013-10-13,870
2013-10-14,871
2013-10-15,872
2013-10-16,873
2013-10-17,874
2013-10-18,875
2013-10-19,876
2013-10-20,877
2013-10-21,878
2013-10-22,879
2013-10-23,880
2013-10-24,881
2013-10-25,882
2013-10-26,883
2013-10-27,884
2013-10-28,885
2013-10-29,886
2013-10-30,887
2013-10-31,888
2013-11-01,889
2013-11-02,890
2013-11-03,891
2013-11-04,892
2013-11-05,893
2013-11-06,894
2013-11-07,895
2013-11-08,896
2013-11-09,897
2013-11-10,898
2013-11-11,899
2013-11-12,900
2013-11-13,901
2013-11-14,902
2013-11-15,903
2013-11-16,904
2013-11-17,905
2013-11-18,906
2013-11-19,907
2013-11-20,908
2013-11-21,909
2013-11-22,910
2013-11-23,911
2013-11-24,912
2013-11-25,913
2013-11-26,914
2013-11-27,915
2013-11-28,916
2013-11-29,917
2013-11-30,918
2013-12-01,919
2013-12-02,920
2013-12-03,921
2013-12-04,922
2013-12-05,923
2013-12-06,924
2013-12-07,925
2013-12-08,926
2013-12-09,927
2013-12-10,928
2013-12-11,929
2013-12-12,930
2013-12-13,931
2013-12-14,932
2013-12-15,933
2013-12-16,934
2013-12-17,935
2013-12-18,936
2013-12-19,937
2013-12-20,938
2013-12-21,939
2013-12-22,940
2013-12-23,941
2013-12-24,942
2013-12-25,943
2013-12-26,944
2013-12-27,945
2013-12-28,946
2013-12-29,947
2013-12-30,948
2013-12-31,949
2014-01-01,950
2014-01-02,951
2014-01-03,952
2014-01-04,953
2014-01-05,954
2014-01-06,955
2014-01-07,956
2014-01-08,957
2014-01-09,958
2014-01-10,959
2014-01-11,960
2014-01-12,961
2014-01-13,962
2014-01-14,963
2014-01-15,964
2014-01-16,965
2014-01-17,966
2014-01-18,967
2014-01-19,968
2014-01-20,969
2014-01-21,970
2014-01-22,971
2014-01-23,972
2014-01-24,973
2014-01-25,974
2014-01-26,975
2014-01-27,976
2014-01-28,977
2014-01-29,978
2014-01-30,979
2014-01-31,980
2014-02-01,981
2014-02-02,982
2014-02-03,983
2014-02-04,984
2014-02-05,985
2014-02-06,986
2014-02-07,987
2014-02-08,988
2014-02-09,989
2014-02-10,990
2014-02-11,991
2014-02-12,992
2014-02-13,993
2014-02-14,994
2014-02-15,995
2014-02-16,996
2014-02-17,997
2014-02-18,998
2014-02-19,999
2014-02-20,1000
2014-02-21,1001
2014-02-22,1002
2014-02-23,1003
2014-02-24,1004
2014-02-25,1005
2014-02-26,1006
2014-02-27,1007
2014-02-28,1008
2014-03-01,1009
2014-03-02,1010
2014-03-03,1011
2014-03-04,1012
2014-03-05,1013
2014-03-06,1014
2014-03-07,1015
2014-03-08,1016
2014-03-09,1017
2014-03-10,1018
2014-03-11,1019
2014-03-12,1020
2014-03-13,1021
2014-03-14,1022
2014-03-15,1023
2014-03-16,1024
2014-03-17,1025
2014-03-18,1026
2014-03-19,1027
2014-03-20,1028
2014-03-21,1029
2014-03-22,1030
2014-03-23,1031
2014-03-24,1032
2014-03-25,1033
2014-03-26,1034
2014-03-27,1035
2014-03-28,1036
2014-03-29,1037
2014-03-30,1038
2014-03-31,1039
2014-04-01,1040
2014-04-02,1041
2014-04-03,1042
2014-04-04,1043
2014-04-05,1044
2014-04-06,1045
2014-04-07,1046
2014-04-08,1047
2014-04-09,1048
2014-04-10,1049
2014-04-11,1050
2014-04-12,1051
2014-04-13,1052
2014-04-14,1053
2014-04-15,1054
2014-04-16,1055
2014-04-17,1056
2014-04-18,1057
2014-04-19,1058
2014-04-20,1059
2014-04-21,1060
2014-04-22,1061
2014-04-23,1062
2014-04-24,1063
2014-04-25,1064
2014-04-26,1065
2014-04-27,1066
2014-04-28,1067
2014-04-29,1068
2014-04-30,1069
2014-05-01,1070
2014-05-02,1071
2014-05-03,1072
2014-05-04,1073
2014-05-05,1074
2014-05-06,1075
2014-05-07,1076
2014-05-08,1077
2014-05-09,1078
2014-05-10,1079
2014-05-11,1080
2014-05-12,1081
2014-05-13,1082
2014-05-14,1083
2014-05-15,1084
2014-05-16,1085
2014-05-17,1086
2014-05-18,1087
2014-05-19,1088
2014-05-20,1089
2014-05-21,1090
2014-05-22,1091
2014-05-23,1092
2014-05-24,1093
2014-05-25,1094
2014-05-26,1095
2014-05-27,1096
2014-05-28,1097
2014-05-29,1098
2014-05-30,1099
2014-05-31,1100
2014-06-01,1101
2014-06-02,1102
2014-06-03,1103
2014-06-04,1104
2014-06-05,1105
2014-06-06,1106
2014-06-07,1107
2014-06-08,1108
2014-06-09,1109
2014-06-10,1110
2014-06-11,1111
2014-06-12,1112
2014-06-13,1113
2014-06-14,1114
2014-06-15,1115
2014-06-16,1116
2014-06-17,1117
2014-06-18,1118
2014-06-19,1119
2014-06-20,1120
2014-06-21,1121
2014-06-22,1122
2014-06-23,1123
2014-06-24,1124
2014-06-25,1125
2014-06-26,1126
2014-06-27,1127
2014-06-28,1128
2014-06-29,1129
2014-06-30,1130
2014-07-01,1131
2014-07-02,1132
2014-07-03,1133
2014-07-04,1134
2014-07-05,1135
2014-07-06,1136
2014-07-07,1137
2014-07-08,1138
2014-07-09,1139
2014-07-10,1140
2014-07-11,1141
2014-07-12,1142
2014-07-13,1143
2014-07-14,1144
2014-07-15,1145
2014-07-16,1146
2014-07-17,1147
2014-07-18,1148
2014-07-19,1149
2014-07-20,1150
2014-07-21,1151
2014-07-22,1152
2014-07-23,1153
2014-07-24,1154
2014-07-25,1155
2014-07-26,1156
2014-07-27,1157
2014-07-28,1158
2014-07-29,1159
2014-07-30,1160
2014-07-31,1161
2014-08-01,1162
2014-08-02,1163
2014-08-03,1164
2014-08-04,1165
2014-08-05,1166
2014-08-06,1167
2014-08-07,1168
2014-08-08,1169
2014-08-09,1170
2014-08-10,1171
2014-08-11,1172
2014-08-12,1173
2014-08-13,1174
2014-08-14,1175
2014-08-15,1176
2014-08-16,1177
2014-08-17,1178
2014-08-18,1179
2014-08-19,1180
2014-08-20,1181
2014-08-21,1182
2014-08-22,1183
2014-08-23,1184
2014-08-24,1185
2014-08-25,1186
2014-08-26,1187
2014-08-27,1188
2014-08-28,1189
2014-08-29,1190
2014-08-30,1191
2014-08-31,1192
2014-09-01,1193
2014-09-02,1194
2014-09-03,1195
2014-09-04,1196
2014-09-05,1197
2014-09-06,1198
2014-09-07,1199
2014-09-08,1200
2014-09-09,1201
2014-09-10,1202
2014-09-11,1203
2014-09-12,1204
2014-09-13,1205
2014-09-14,1206
2014-09-15,1207
2014-09-16,1208
2014-09-17,1209
2014-09-18,1210
2014-09-19,1211
2014-09-20,1212
2014-09-21,1213
2014-09-22,1214
2014-09-23,1215
2014-09-24,1216
2014-09-25,1217
2014-09-26,1218
2014-09-27,1219
2014-09-28,1220
2014-09-29,1221
2014-09-30,1222
2014-10-01,1223
2014-10-02,1224
2014-10-03,1225
2014-10-04,1226
2014-10-05,1227
2014-10-06,1228
2014-10-07,1229
2014-10-08,1230
2014-10-09,1231
2014-10-10,1232
2014-10-11,1233
2014-10-12,1234
2014-10-13,1235
2014-10-14,1236
2014-10-15,1237
2014-10-16,1238
2014-10-17,1239
2014-10-18,1240
2014-10-19,1241
2014-10-20,1242
2014-10-21,1243
2014-10-22,1244
2014-10-23,1245
2014-10-24,1246
2014-10-25,1247
2014-10-26,1248
2014-10-27,1249
2014-10-28,1250
2014-10-29,1251
2014-10-30,1252
2014-10-31,1253
2014-11-01,1254
2014-11-02,1255
2014-11-03,1256
2014-11-04,1257
2014-11-05,1258
2014-11-06,1259
2014-11-07,1260
2014-11-08,1261
2014-11-09,1262
2014-11-10,1263
2014-11-11,1264
2014-11-12,1265
2014-11-13,1266
2014-11-14,1267
2014-11-15,1268
2014-11-16,1269
2014-11-17,1270
2014-11-18,1271
2014-11-19,1272
2014-11-20,1273
2014-11-21,1274
2014-11-22,1275
2014-11-23,1276
2014-11-24,1277
2014-11-25,1278
2014-11-26,1279
2014-11-27,1280
2014-11-28,1281
2014-11-29,1282
2014-11-30,1283
2014-12-01,1284
2014-12-02,1285
2014-12-03,1286
2014-12-04,1287
2014-12-05,1288
2014-12-06,1289
2014-12-07,1290
2014-12-08,1291
2014-12-09,1292
2014-12-10,1293
2014-12-11,1294
2014-12-12,1295
2014-12-13,1296
2014-12-14,1297
2014-12-15,1298
2014-12-16,1299
2014-12-17,1300
2014-12-18,1301
2014-12-19,1302
2014-12-20,1303
2014-12-21,1304
2014-12-22,1305
2014-12-23,1306
2014-12-24,1307
2014-12-25,1308
2014-12-26,1309
2014-12-27,1310
2014-12-28,1311
2014-12-29,1312
2014-12-30,1313
2014-12-31,1314
2015-01-01,1315
2015-01-02,1316
2015-01-03,1317
2015-01-04,1318
2015-01-05,1319
2015-01-06,1320
2015-01-07,1321
2015-01-08,1322
2015-01-09,1323
2015-01-10,1324
2015-01-11,1325
2015-01-12,1326
2015-01-13,1327
2015-01-14,1328
2015-01-15,1329
2015-01-16,1330
2015-01-17,1331
2015-01-18,1332
2015-01-19,1333
2015-01-20,1334
2015-01-21,1335
2015-01-22,1336
2015-01-23,1337
2015-01-24,1338
2015-01-25,1339
2015-01-26,1340
2015-01-27,1341
2015-01-28,1342
2015-01-29,1343
2015-01-30,1344
2015-01-31,1345
2015-02-01,1346
2015-02-02,1347
2015-02-03,1348
2015-02-04,1349
2015-02-05,1350
2015-02-06,1351
2015-02-07,1352
2015-02-08,1353
2015-02-09,1354
2015-02-10,1355
2015-02-11,1356
2015-02-12,1357
2015-02-13,1358
2015-02-14,1359
2015-02-15,1360
2015-02-16,1361
2015-02-17,1362
2015-02-18,1363
2015-02-19,1364
2015-02-20,1365
2015-02-21,1366
2015-02-22,1367
2015-02-23,1368
2015-02-24,1369
2015-02-25,1370
2015-02-26,1371
2015-02-27,1372
2015-02-28,1373
2015-03-01,1374
2015-03-02,1375
2015-03-03,1376
2015-03-04,1377
2015-03-05,1378
2015-03-06,1379
2015-03-07,1380
2015-03-08,1381
2015-03-09,1382
2015-03-10,1383
2015-03-11,1384
2015-03-12,1385
2015-03-13,1386
2015-03-14,1387
2015-03-15,1388
2015-03-16,1389
2015-03-17,1390
2015-03-18,1391
2015-03-19,1392
2015-03-20,1393
2015-03-21,1394
2015-03-22,1395
2015-03-23,1396
2015-03-24,1397
2015-03-25,1398
2015-03-26,1399
2015-03-27,1400
2015-03-28,1401
2015-03-29,1402
2015-03-30,1403
2015-03-31,1404
2015-04-01,1405
2015-04-02,1406
2015-04-03,1407
2015-04-04,1408
2015-04-05,1409
2015-04-06,1410
2015-04-07,1411
2015-04-08,1412
2015-04-09,1413
2015-04-10,1414
2015-04-11,1415
2015-04-12,1416
2015-04-13,1417
2015-04-14,1418
2015-04-15,1419
2015-04-16,1420
2015-04-17,1421
2015-04-18,1422
2015-04-19,1423
2015-04-20,1424
2015-04-21,1425
2015-04-22,1426
2015-04-23,1427
2015-04-24,1428
2015-04-25,1429
2015-04-26,1430
2015-04-27,1431
2015-04-28,1432
2015-04-29,1433
2015-04-30,1434
2015-05-01,1435
2015-05-02,1436
2015-05-03,1437
2015-05-04,1438
2015-05-05,1439
2015-05-06,1440
2015-05-07,1441
2015-05-08,1442
2015-05-09,1443
2015-05-10,1444
2015-05-11,1445
2015-05-12,1446
2015-05-13,1447
2015-05-14,1448
2015-05-15,1449
2015-05-16,1450
2015-05-17,1451
2015-05-18,1452
2015-05-19,1453
2015-05-20,1454
2015-05-21,1455
2015-05-22,1456
2015-05-23,1457
2015-05-24,1458
2015-05-25,1459
2015-05-26,1460
2015-05-27,1461
2015-05-28,1462
2015-05-29,1463
2015-05-30,1464
2015-05-31,1465
2015-06-01,1466
2015-06-02,1467
2015-06-03,1468
2015-06-04,1469
2015-06-05,1470
2015-06-06,1471
2015-06-07,1472
2015-06-08,1473
2015-06-09,1474
2015-06-10,1475
2015-06-11,1476
2015-06-12,1477
2015-06-13,1478
2015-06-14,1479
2015-06-15,1480
2015-06-16,1481
2015-06-17,1482
2015-06-18,1483
2015-06-19,1484
2015-06-20,1485
2015-06-21,1486
2015-06-22,1487
2015-06-23,1488
2015-06-24,1489
2015-06-25,1490
2015-06-26,1491
2015-06-27,1492
2015-06-28,1493
2015-06-29,1494
2015-06-30,1495
2015-07-01,1496
2015-07-02,1497
2015-07-03,1498
2015-07-04,1499
2015-07-05,1500
2015-07-06,1501
2015-07-07,1502
2015-07-08,1503
2015-07-09,1504
2015-07-10,1505
2015-07-11,1506
2015-07-12,1507
2015-07-13,1508
2015-07-14,1509
2015-07-15,1510
2015-07-16,1511
2015-07-17,1512
2015-07-18,1513
2015-07-19,1514
2015-07-20,1515
2015-07-21,1516
2015-07-22,1517
2015-07-23,1518
2015-07-24,1519
2015-07-25,1520
2015-07-26,1521
2015-07-27,1522
2015-07-28,1523
2015-07-29,1524
2015-07-30,1525
2015-07-31,1526
2015-08-01,1527
2015-08-02,1528
2015-08-03,1529
2015-08-04,1530
2015-08-05,1531
2015-08-06,1532
2015-08-07,1533
2015-08-08,1534
2015-08-09,1535
2015-08-10,1536
2015-08-11,1537
2015-08-12,1538
2015-08-13,1539
2015-08-14,1540
2015-08-15,1541
2015-08-16,1542
2015-08-17,1543
2015-08-18,1544
2015-08-19,1545
2015-08-20,1546
2015-08-21,1547
2015-08-22,1548
2015-08-23,1549
2015-08-24,1550
2015-08-25,1551
2015-08-26,1552
2015-08-27,1553
2015-08-28,1554
2015-08-29,1555
2015-08-30,1556
2015-08-31,1557
2015-09-01,1558
2015-09-02,1559
2015-09-03,1560
2015-09-04,1561
2015-09-05,1562
2015-09-06,1563
2015-09-07,1564
2015-09-08,1565
2015-09-09,1566
2015-09-10,1567
2015-09-11,1568
2015-09-12,1569
2015-09-13,1570
2015-09-14,1571
2015-09-15,1572
2015-09-16,1573
2015-09-17,1574
2015-09-18,1575
2015-09-19,1576
2015-09-20,1577
2015-09-21,1578
2015-09-22,1579
2015-09-23,1580
2015-09-24,1581
2015-09-25,1582
2015-09-26,1583
2015-09-27,1584
2015-09-28,1585
2015-09-29,1586
2015-09-30,1587
2015-10-01,1588
2015-10-02,1589
2015-10-03,1590
2015-10-04,1591
2015-10-05,1592
2015-10-06,1593
2015-10-07,1594
2015-10-08,1595
2015-10-09,1596
2015-10-10,1597
2015-10-11,1598
2015-10-12,1599
2015-10-13,1600
2015-10-14,1601
2015-10-15,1602
2015-10-16,1603
2015-10-17,1604
2015-10-18,1605
2015-10-19,1606
2015-10-20,1607
2015-10-21,1608
2015-10-22,1609
2015-10-23,1610
2015-10-24,1611
2015-10-25,1612
2015-10-26,1613
2015-10-27,1614
2015-10-28,1615
2015-10-29,1616
2015-10-30,1617
2015-10-31,1618
2015-11-01,1619
2015-11-02,1620
2015-11-03,1621
2015-11-04,1622
2015-11-05,1623
2015-11-06,1624
2015-11-07,1625
2015-11-08,1626
2015-11-09,1627
2015-11-10,1628
2015-11-11,1629
2015-11-12,1630
2015-11-13,1631
2015-11-14,1632
2015-11-15,1633
2015-11-16,1634
2015-11-17,1635
2015-11-18,1636
2015-11-19,1637
2015-11-20,1638
2015-11-21,1639
2015-11-22,1640
2015-11-23,1641
2015-11-24,1642
2015-11-25,1643
2015-11-26,1644
2015-11-27,1645
2015-11-28,1646
2015-11-29,1647
2015-11-30,1648
2015-12-01,1649
2015-12-02,1650
2015-12-03,1651
2015-12-04,1652
2015-12-05,1653
2015-12-06,1654
2015-12-07,1655
2015-12-08,1656
2015-12-09,1657
2015-12-10,1658
2015-12-11,1659
2015-12-12,1660
2015-12-13,1661
2015-12-14,1662
2015-12-15,1663
2015-12-16,1664
2015-12-17,1665
2015-12-18,1666
2015-12-19,1667
2015-12-20,1668
2015-12-21,1669
2015-12-22,1670
2015-12-23,1671
2015-12-24,1672
2015-12-25,1673
2015-12-26,1674
2015-12-27,1675
2015-12-28,1676
2015-12-29,1677
2015-12-30,1678
2015-12-31,1679
2016-01-01,1680
2016-01-02,1681
2016-01-03,1682
2016-01-04,1683
2016-01-05,1684
2016-01-06,1685
2016-01-07,1686
2016-01-08,1687
2016-01-09,1688
2016-01-10,1689
2016-01-11,1690
2016-01-12,1691
2016-01-13,1692
2016-01-14,1693
2016-01-15,1694
2016-01-16,1695
2016-01-17,1696
2016-01-18,1697
2016-01-19,1698
2016-01-20,1699
2016-01-21,1700
2016-01-22,1701
2016-01-23,1702
2016-01-24,1703
2016-01-25,1704
2016-01-26,1705
2016-01-27,1706
2016-01-28,1707
2016-01-29,1708
2016-01-30,1709
2016-01-31,1710
2016-02-01,1711
2016-02-02,1712
2016-02-03,1713
2016-02-04,1714
2016-02-05,1715
2016-02-06,1716
2016-02-07,1717
2016-02-08,1718
2016-02-09,1719
2016-02-10,1720
2016-02-11,1721
2016-02-12,1722
2016-02-13,1723
2016-02-14,1724
2016-02-15,1725
2016-02-16,1726
2016-02-17,1727
2016-02-18,1728
2016-02-19,1729
2016-02-20,1730
2016-02-21,1731
2016-02-22,1732
2016-02-23,1733
2016-02-24,1734
2016-02-25,1735
2016-02-26,1736
2016-02-27,1737
2016-02-28,1738
2016-02-29,1739
2016-03-01,1740
2016-03-02,1741
2016-03-03,1742
2016-03-04,1743
2016-03-05,1744
2016-03-06,1745
2016-03-07,1746
2016-03-08,1747
2016-03-09,1748
2016-03-10,1749
2016-03-11,1750
2016-03-12,1751
2016-03-13,1752
2016-03-14,1753
2016-03-15,1754
2016-03-16,1755
2016-03-17,1756
2016-03-18,1757
2016-03-19,1758
2016-03-20,1759
2016-03-21,1760
2016-03-22,1761
2016-03-23,1762
2016-03-24,1763
2016-03-25,1764
2016-03-26,1765
2016-03-27,1766
2016-03-28,1767
2016-03-29,1768
2016-03-30,1769
2016-03-31,1770
2016-04-01,1771
2016-04-02,1772
2016-04-03,1773
2016-04-04,1774
2016-04-05,1775
2016-04-06,1776
2016-04-07,1777
2016-04-08,1778
2016-04-09,1779
2016-04-10,1780
2016-04-11,1781
2016-04-12,1782
2016-04-13,1783
2016-04-14,1784
2016-04-15,1785
2016-04-16,1786
2016-04-17,1787
2016-04-18,1788
2016-04-19,1789
2016-04-20,1790
2016-04-21,1791
2016-04-22,1792
2016-04-23,1793
2016-04-24,1794
2016-04-25,1795
2016-04-26,1796
2016-04-27,1797
2016-04-28,1798
2016-04-29,1799
2016-04-30,1800
2016-05-01,1801
2016-05-02,1802
2016-05-03,1803
2016-05-04,1804
2016-05-05,1805
2016-05-06,1806
2016-05-07,1807
2016-05-08,1808
2016-05-09,1809
2016-05-10,1810
2016-05-11,1811
2016-05-12,1812
2016-05-13,1813
2016-05-14,1814
2016-05-15,1815
2016-05-16,1816
2016-05-17,1817
2016-05-18,1818
2016-05-19,1819
2016-05-20,1820
2016-05-21,1821
2016-05-22,1822
2016-05-23,1823
2016-05-24,1824
2016-05-25,1825
2016-05-26,1826
2016-05-27,1827
2016-05-28,1828
2016-05-29,1829
2016-05-30,1830
2016-05-31,1831
2016-06-01,1832
2016-06-02,1833
2016-06-03,1834
2016-06-04,1835
2016-06-05,1836
2016-06-06,1837
2016-06-07,1838
2016-06-08,1839
2016-06-09,1840
2016-06-10,1841
2016-06-11,1842
2016-06-12,1843
2016-06-13,1844
2016-06-14,1845
2016-06-15,1846
2016-06-16,1847
2016-06-17,1848
2016-06-18,1849
2016-06-19,1850
2016-06-20,1851
2016-06-21,1852
2016-06-22,1853
2016-06-23,1854
2016-06-24,1855
2016-06-25,1856
2016-06-26,1857
2016-06-27,1858
2016-06-28,1859
2016-06-29,1860
2016-06-30,1861
2016-07-01,1862
2016-07-02,1863
2016-07-03,1864
2016-07-04,1865
2016-07-05,1866
2016-07-06,1867
2016-07-07,1868
2016-07-08,1869
2016-07-09,1870
2016-07-10,1871
2016-07-11,1872
2016-07-12,1873
2016-07-13,1874
2016-07-14,1875
2016-07-15,1876
2016-07-16,1877
2016-07-17,1878
2016-07-18,1879
2016-07-19,1880
2016-07-20,1881
2016-07-21,1882
2016-07-22,1883
2016-07-23,1884
2016-07-24,1885
2016-07-25,1886
2016-07-26,1887
2016-07-27,1888
2016-07-28,1889
2016-07-29,1890
2016-07-30,1891
2016-07-31,1892
2016-08-01,1893
2016-08-02,1894
2016-08-03,1895
2016-08-04,1896
2016-08-05,1897
2016-08-06,1898
2016-08-07,1899
2016-08-08,1900
2016-08-09,1901
2016-08-10,1902
2016-08-11,1903
2016-08-12,1904
2016-08-13,1905
2016-08-14,1906
2016-08-15,1907
2016-08-16,1908
2016-08-17,1909
2016-08-18,1910
2016-08-19,1911
2016-08-20,1912
2016-08-21,1913
2016-08-22,1914
2016-08-23,1915
2016-08-24,1916
2016-08-25,1917
2016-08-26,1918
2016-08-27,1919
2016-08-28,1920
2016-08-29,1921
2016-08-30,1922
2016-08-31,1923
2016-09-01,1924
2016-09-02,1925
2016-09-03,1926
2016-09-04,1927
2016-09-05,1928
2016-09-06,1929
2016-09-07,1930
2016-09-08,1931
2016-09-09,1932
2016-09-10,1933
2016-09-11,1934
2016-09-12,1935
2016-09-13,1936
2016-09-14,1937
2016-09-15,1938
2016-09-16,1939
2016-09-17,1940
2016-09-18,1941
2016-09-19,1942
2016-09-20,1943
2016-09-21,1944
2016-09-22,1945
2016-09-23,1946
2016-09-24,1947
2016-09-25,1948
2016-09-26,1949
2016-09-27,1950
2016-09-28,1951
2016-09-29,1952
2016-09-30,1953
2016-10-01,1954
2016-10-02,1955
2016-10-03,1956
2016-10-04,1957
2016-10-05,1958
2016-10-06,1959
2016-10-07,1960
2016-10-08,1961
2016-10-09,1962
2016-10-10,1963
2016-10-11,1964
2016-10-12,1965
2016-10-13,1966
2016-10-14,1967
2016-10-15,1968
2016-10-16,1969
2016-10-17,1970
2016-10-18,1971
2016-10-19,1972
2016-10-20,1973
2016-10-21,1974
2016-10-22,1975
2016-10-23,1976
2016-10-24,1977
2016-10-25,1978
2016-10-26,1979
2016-10-27,1980
2016-10-28,1981
2016-10-29,1982
2016-10-30,1983
2016-10-31,1984
2016-11-01,1985
2016-11-02,1986
2016-11-03,1987
2016-11-04,1988
2016-11-05,1989
2016-11-06,1990
2016-11-07,1991
2016-11-08,1992
2016-11-09,1993
2016-11-10,1994
2016-11-11,1995
2016-11-12,1996
2016-11-13,1997
2016-11-14,1998
2016-11-15,1999
2016-11-16,2000
2016-11-17,2001
2016-11-18,2002
2016-11-19,2003
2016-11-20,2004
2016-11-21,2005
2016-11-22,2006
2016-11-23,2007
2016-11-24,2008
2016-11-25,2009
2016-11-26,2010
2016-11-27,2011
2016-11-28,2012
2016-11-29,2013
2016-11-30,2014
2016-12-01,2015
2016-12-02,2016
2016-12-03,2017
2016-12-04,2018
2016-12-05,2019
2016-12-06,2020
2016-12-07,2021
2016-12-08,2022
2016-12-09,2023
2016-12-10,2024
2016-12-11,2025
2016-12-12,2026
2016-12-13,2027
2016-12-14,2028
2016-12-15,2029
2016-12-16,2030
2016-12-17,2031
2016-12-18,2032
2016-12-19,2033
2016-12-20,2034
2016-12-21,2035
2016-12-22,2036
2016-12-23,2037
2016-12-24,2038
2016-12-25,2039
2016-12-26,2040
2016-12-27,2041
2016-12-28,2042
2016-12-29,2043
2016-12-30,2044
2016-12-31,2045
2017-01-01,2046
2017-01-02,2047
2017-01-03,2048
2017-01-04,2049
2017-01-05,2050
2017-01-06,2051
2017-01-07,2052
2017-01-08,2053
2017-01-09,2054
2017-01-10,2055
2017-01-11,2056
2017-01-12,2057
2017-01-13,2058
2017-01-14,2059
2017-01-15,2060
2017-01-16,2061
2017-01-17,2062
2017-01-18,2063
2017-01-19,2064
2017-01-20,2065
2017-01-21,2066
2017-01-22,2067
2017-01-23,2068
2017-01-24,2069
2017-01-25,2070
2017-01-26,2071
2017-01-27,2072
2017-01-28,2073
2017-01-29,2074
2017-01-30,2075
2017-01-31,2076
2017-02-01,2077
2017-02-02,2078
2017-02-03,2079
2017-02-04,2080
2017-02-05,2081
2017-02-06,2082
2017-02-07,2083
2017-02-08,2084
2017-02-09,2085
2017-02-10,2086
2017-02-11,2087
2017-02-12,2088
2017-02-13,2089
2017-02-14,2090
2017-02-15,2091
2017-02-16,2092
2017-02-17,2093
2017-02-18,2094
2017-02-19,2095
2017-02-20,2096
2017-02-21,2097
2017-02-22,2098
2017-02-23,2099
2017-02-24,2100
2017-02-25,2101
2017-02-26,2102
2017-02-27,2103
2017-02-28,2104
2017-03-01,2105
2017-03-02,2106
2017-03-03,2107
2017-03-04,2108
2017-03-05,2109
2017-03-06,2110
2017-03-07,2111
2017-03-08,2112
2017-03-09,2113
2017-03-10,2114
2017-03-11,2115
2017-03-12,2116
2017-03-13,2117
2017-03-14,2118
2017-03-15,2119
2017-03-16,2120
2017-03-17,2121
2017-03-18,2122
2017-03-19,2123
2017-03-20,2124
2017-03-21,2125
2017-03-22,2126
2017-03-23,2127
2017-03-24,2128
2017-03-25,2129
2017-03-26,2130
2017-03-27,2131
2017-03-28,2132
2017-03-29,2133
2017-03-30,2134
2017-03-31,2135
2017-04-01,2136
2017-04-02,2137
2017-04-03,2138
2017-04-04,2139
2017-04-05,2140
2017-04-06,2141
2017-04-07,2142
2017-04-08,2143
2017-04-09,2144
2017-04-10,2145
2017-04-11,2146
2017-04-12,2147
2017-04-13,2148
2017-04-14,2149
2017-04-15,2150
2017-04-16,2151
2017-04-17,2152
2017-04-18,2153
2017-04-19,2154
2017-04-20,2155
2017-04-21,2156
2017-04-22,2157
2017-04-23,2158
2017-04-24,2159
2017-04-25,2160
2017-04-26,2161
2017-04-27,2162
2017-04-28,2163
2017-04-29,2164
2017-04-30,2165
2017-05-01,2166
2017-05-02,2167
2017-05-03,2168
2017-05-04,2169
2017-05-05,2170
2017-05-06,2171
2017-05-07,2172
2017-05-08,2173
2017-05-09,2174
2017-05-10,2175
2017-05-11,2176
2017-05-12,2177
2017-05-13,2178
2017-05-14,2179
2017-05-15,2180
2017-05-16,2181
2017-05-17,2182
2017-05-18,2183
2017-05-19,2184
2017-05-20,2185
2017-05-21,2186
2017-05-22,2187
2017-05-23,2188
2017-05-24,2189
2017-05-25,2190
2017-05-26,2191
2017-05-27,2192
2017-05-28,2193
2017-05-29,2194
2017-05-30,2195
2017-05-31,2196
2017-06-01,2197
2017-06-02,2198
2017-06-03,2199
2017-06-04,2200
2017-06-05,2201
2017-06-06,2202
2017-06-07,2203
2017-06-08,2204
2017-06-09,2205
2017-06-10,2206
2017-06-11,2207
2017-06-12,2208
2017-06-13,2209
2017-06-14,2210
2017-06-15,2211
2017-06-16,2212
2017-06-17,2213
2017-06-18,2214
2017-06-19,2215
2017-06-20,2216
2017-06-21,2217
2017-06-22,2218
2017-06-23,2219
2017-06-24,2220
2017-06-25,2221
2017-06-26,2222
2017-06-27,2223
2017-06-28,2224
2017-06-29,2225
2017-06-30,2226
2017-07-01,2227
2017-07-02,2228
2017-07-03,2229
2017-07-04,2230
2017-07-05,2231
2017-07-06,2232
2017-07-07,2233
2017-07-08,2234
2017-07-09,2235
2017-07-10,2236
2017-07-11,2237
2017-07-12,2238
2017-07-13,2239
2017-07-14,2240
2017-07-15,2241
2017-07-16,2242
2017-07-17,2243
2017-07-18,2244
2017-07-19,2245
2017-07-20,2246
2017-07-21,2247
2017-07-22,2248
2017-07-23,2249
2017-07-24,2250
2017-07-25,2251
2017-07-26,2252
2017-07-27,2253
2017-07-28,2254
2017-07-29,2255
2017-07-30,2256
2017-07-31,2257
2017-08-01,2258
2017-08-02,2259
2017-08-03,2260
2017-08-04,2261
2017-08-05,2262
2017-08-06,2263
2017-08-07,2264
2017-08-08,2265
2017-08-09,2266
2017-08-10,2267
2017-08-11,2268
2017-08-12,2269
2017-08-13,2270
2017-08-14,2271
2017-08-15,2272
2017-08-16,2273
2017-08-17,2274
2017-08-18,2275
2017-08-19,2276
2017-08-20,2277
2017-08-21,2278
2017-08-22,2279
2017-08-23,2280
2017-08-24,2281
2017-08-25,2282
2017-08-26,2283
2017-08-27,2284
2017-08-28,2285
2017-08-29,2286
2017-08-30,2287
2017-08-31,2288
2017-09-01,2289
2017-09-02,2290
2017-09-03,2291
2017-09-04,2292
2017-09-05,2293
2017-09-06,2294
2017-09-07,2295
2017-09-08,2296
2017-09-09,2297
2017-09-10,2298
2017-09-11,2299
2017-09-12,2300
2017-09-13,2301
2017-09-14,2302
2017-09-15,2303
2017-09-16,2304
2017-09-17,2305
2017-09-18,2306
2017-09-19,2307
2017-09-20,2308
2017-09-21,2309
2017-09-22,2310
2017-09-23,2311
2017-09-24,2312
2017-09-25,2313
2017-09-26,2314
2017-09-27,2315
2017-09-28,2316
2017-09-29,2317
2017-09-30,2318
2017-10-01,2319
2017-10-02,2320
2017-10-03,2321
2017-10-04,2322
2017-10-05,2323
2017-10-06,2324
2017-10-07,2325
2017-10-08,2326
2017-10-09,2327
2017-10-10,2328
2017-10-11,2329
2017-10-12,2330
2017-10-13,2331
2017-10-14,2332
2017-10-15,2333
2017-10-16,2334
2017-10-17,2335
2017-10-18,2336
2017-10-19,2337
2017-10-20,2338
2017-10-21,2339
2017-10-22,2340
2017-10-23,2341
2017-10-24,2342
2017-10-25,2343
2017-10-26,2344
2017-10-27,2345
2017-10-28,2346
2017-10-29,2347
2017-10-30,2348
2017-10-31,2349
2017-11-01,2350
2017-11-02,2351
2017-11-03,2352
2017-11-04,2353
2017-11-05,2354
2017-11-06,2355
2017-11-07,2356
2017-11-08,2357
2017-11-09,2358
2017-11-10,2359
2017-11-11,2360
2017-11-12,2361
2017-11-13,2362
2017-11-14,2363
2017-11-15,2364
2017-11-16,2365
2017-11-17,2366
2017-11-18,2367
2017-11-19,2368
2017-11-20,2369
2017-11-21,2370
2017-11-22,2371
2017-11-23,2372
2017-11-24,2373
2017-11-25,2374
2017-11-26,2375
2017-11-27,2376
2017-11-28,2377
2017-11-29,2378
2017-11-30,2379
2017-12-01,2380
2017-12-02,2381
2017-12-03,2382
2017-12-04,2383
2017-12-05,2384
2017-12-06,2385
2017-12-07,2386
2017-12-08,2387
2017-12-09,2388
2017-12-10,2389
2017-12-11,2390
2017-12-12,2391
2017-12-13,2392
2017-12-14,2393
2017-12-15,2394
2017-12-16,2395
2017-12-17,2396
2017-12-18,2397
2017-12-19,2398
2017-12-20,2399
2017-12-21,2400
2017-12-22,2401
2017-12-23,2402
2017-12-24,2403
2017-12-25,2404
2017-12-26,2405
2017-12-27,2406
2017-12-28,2407
2017-12-29,2408
2017-12-30,2409
2017-12-31,2410
2018-01-01,2411
2018-01-02,2412
2018-01-03,2413
2018-01-04,2414
2018-01-05,2415
2018-01-06,2416
2018-01-07,2417
2018-01-08,2418
2018-01-09,2419
2018-01-10,2420
2018-01-11,2421
2018-01-12,2422
2018-01-13,2423
2018-01-14,2424
2018-01-15,2425
2018-01-16,2426
2018-01-17,2427
2018-01-18,2428
2018-01-19,2429
2018-01-20,2430
2018-01-21,2431
2018-01-22,2432
2018-01-23,2433
2018-01-24,2434
2018-01-25,2435
2018-01-26,2436
2018-01-27,2437
2018-01-28,2438
2018-01-29,2439
2018-01-30,2440
2018-01-31,2441
2018-02-01,2442
2018-02-02,2443
2018-02-03,2444
2018-02-04,2445
2018-02-05,2446
2018-02-06,2447
2018-02-07,2448
2018-02-08,2449
2018-02-09,2450
2018-02-10,2451
2018-02-11,2452
2018-02-12,2453
2018-02-13,2454
2018-02-14,2455
2018-02-15,2456
2018-02-16,2457
2018-02-17,2458
2018-02-18,2459
2018-02-19,2460
2018-02-20,2461
2018-02-21,2462
2018-02-22,2463
2018-02-23,2464
2018-02-24,2465
2018-02-25,2466
2018-02-26,2467
2018-02-27,2468
2018-02-28,2469
2018-03-01,2470
2018-03-02,2471
2018-03-03,2472
2018-03-04,2473
2018-03-05,2474
2018-03-06,2475
2018-03-07,2476
2018-03-08,2477
2018-03-09,2478
2018-03-10,2479
2018-03-11,2480
2018-03-12,2481
2018-03-13,2482
2018-03-14,2483
2018-03-15,2484
2018-03-16,2485
2018-03-17,2486
2018-03-18,2487
2018-03-19,2488
2018-03-20,2489
2018-03-21,2490
2018-03-22,2491
2018-03-23,2492
2018-03-24,2493
2018-03-25,2494
2018-03-26,2495
2018-03-27,2496
2018-03-28,2497
2018-03-29,2498
2018-03-30,2499
2018-03-31,2500
2018-04-01,2501
2018-04-02,2502
2018-04-03,2503
2018-04-04,2504
2018-04-05,2505
2018-04-06,2506
2018-04-07,2507
2018-04-08,2508
2018-04-09,2509
2018-04-10,2510
2018-04-11,2511
2018-04-12,2512
2018-04-13,2513
2018-04-14,2514
2018-04-15,2515
2018-04-16,2516
2018-04-17,2517
2018-04-18,2518
2018-04-19,2519
2018-04-20,2520
2018-04-21,2521
2018-04-22,2522
2018-04-23,2523
2018-04-24,2524
2018-04-25,2525
2018-04-26,2526
2018-04-27,2527
2018-04-28,2528
2018-04-29,2529
2018-04-30,2530
2018-05-01,2531
