date,time,bar,moves,edge,open,close,day
2018-06-27,05:48:00,1,0,0,0,0,0
2018-06-27,05:58:00,2,1,0,0,0,0
2018-06-27,06:08:00,3,1,0,0,0,0
2018-06-27,06:18:00,4,1,0,0,0,0
2018-06-27,06:28:00,5,1,0,0,0,0
2018-06-27,06:38:00,6,1,0,0,0,0
2018-06-27,06:48:00,7,1,0,0,0,0
2018-06-27,06:58:00,8,1,0,0,0,0
2018-06-27,07:08:00,9,1.5,0,0,0,0
2018-06-27,07:18:00,10,326,1,1,0,1
2018-06-27,07:28:00,11,654.5,0,1,0,1
2018-06-27,07:38:00,12,658.5,0,1,0,1
2018-06-27,07:48:00,13,665.5,0,1,0,1
2018-06-27,07:58:00,14,659.5,0,1,0,1
2018-06-27,08:08:00,15,632.5,0,1,0,1
2018-06-27,08:18:00,16,630.5,0,1,0,1
2018-06-27,08:28:00,17,650.5,0,1,0,1
2018-06-27,08:38:00,18,647.5,0,1,0,1
2018-06-27,08:48:00,19,630,0,1,0,1
2018-06-27,08:58:00,20,617,0,1,0,1
2018-06-27,09:08:00,21,617,0,1,0,1
2018-06-27,09:18:00,22,627,0,1,0,1
2018-06-27,09:28:00,23,629,0,1,0,1
2018-06-27,09:38:00,24,634.5,0,1,0,1
2018-06-27,09:48:00,25,642,0,1,0,1
2018-06-27,09:58:00,26,656.5,0,1,0,1
2018-06-27,10:08:00,27,652.5,0,1,0,1
2018-06-27,10:18:00,28,612.5,0,1,0,1
2018-06-27,10:28:00,29,603.5,0,1,0,1
2018-06-27,10:38:00,30,623,0,1,0,1
2018-06-27,10:48:00,31,613,0,1,0,1
2018-06-27,10:58:00,32,599,0,1,0,1
2018-06-27,11:08:00,33,611.5,0,1,0,1
2018-06-27,11:18:00,34,622.5,0,1,0,1
2018-06-27,11:28:00,35,607.5,0,1,0,1
2018-06-27,11:38:00,36,598,0,1,0,1
2018-06-27,11:48:00,37,645,0,1,0,1
2018-06-27,11:58:00,38,664.5,0,1,0,1
2018-06-27,12:08:00,39,645,0,1,0,1
2018-06-27,12:18:00,40,628.5,0,1,0,1
2018-06-27,12:28:00,41,624,0,1,0,1
2018-06-27,12:38:00,42,646.5,0,1,0,1
2018-06-27,12:48:00,43,650,0,1,0,1
2018-06-27,12:58:00,44,645,0,1,0,1
2018-06-27,13:08:00,45,626.5,0,1,0,1
2018-06-27,13:18:00,46,625,0,1,0,1
2018-06-27,13:28:00,47,627.5,0,1,0,1
2018-06-27,13:38:00,48,626.5,0,1,0,1
2018-06-27,13:48:00,49,634,0,1,0,1
2018-06-27,13:58:00,50,631.5,0,1,0,1
2018-06-27,14:08:00,51,647,0,1,0,1
2018-06-27,14:18:00,52,656.5,0,1,0,1
2018-06-27,14:28:00,53,657.5,0,1,0,1
2018-06-27,14:38:00,54,645,0,1,0,1
2018-06-27,14:48:00,55,646,0,1,0,1
2018-06-27,14:58:00,56,637.5,0,1,0,1
2018-06-27,15:08:00,57,635,0,1,0,1
2018-06-27,15:18:00,58,637,0,1,0,1
2018-06-27,15:28:00,59,593.5,0,1,0,1
2018-06-27,15:38:00,60,579,0,1,0,1
2018-06-27,15:48:00,61,307,0,1,0,1
2018-06-27,15:58:00,62,26,-1,1,1,0
2018-06-27,16:08:00,63,25,0,1,1,0
2018-06-27,16:18:00,64,24,0,1,1,0
2018-06-27,16:28:00,65,23.5,0,1,1,0
2018-06-27,16:38:00,66,23,0,1,1,0
2018-06-27,16:48:00,67,23.5,0,1,1,0
2018-06-27,16:58:00,68,23.5,0,1,1,0
2018-06-27,17:08:00,69,22,0,1,1,0
2018-06-27,17:18:00,70,22.5,0,1,1,0
2018-06-27,17:28:00,71,22,0,1,1,0
2018-06-27,17:38:00,72,21,0,1,1,0
2018-06-27,17:48:00,73,22,0,1,1,0
2018-06-27,17:58:00,74,23,0,1,1,0
2018-06-27,18:08:00,75,23,0,1,1,0
2018-06-27,18:18:00,76,23,0,1,1,0
2018-06-27,18:28:00,77,23,0,1,1,0
2018-06-27,18:38:00,78,22.5,0,1,1,0
2018-06-27,18:48:00,79,22,0,1,1,0
2018-06-27,18:58:00,80,22.5,0,1,1,0
2018-06-27,19:08:00,81,22.5,0,1,1,0
2018-06-27,19:18:00,82,22,0,1,1,0
2018-06-27,19:28:00,83,22.5,0,1,1,0
2018-06-27,19:38:00,84,22.5,0,1,1,0
2018-06-27,19:48:00,85,22.5,0,1,1,0
2018-06-27,19:58:00,86,23,0,1,1,0
2018-06-27,20:08:00,87,20.5,0,1,1,0
2018-06-27,20:18:00,88,9.5,0,1,1,0
2018-06-27,20:28:00,89,1,0,1,1,0
2018-06-27,20:38:00,90,1,0,1,1,0
2018-06-27,20:48:00,91,1,0,1,1,0
2018-06-27,20:58:00,92,1,0,1,1,0
2018-06-27,21:08:00,93,1,0,1,1,0
2018-06-27,21:18:00,94,1,0,1,1,0
2018-06-27,21:28:00,95,1,0,1,1,0
2018-06-27,21:38:00,96,0.5,0,1,1,0
2018-06-27,21:48:00,97,0,0,1,1,0
2018-06-27,21:58:00,98,0,0,1,1,0
2018-06-27,22:08:00,99,0,0,1,1,0
2018-06-27,22:18:00,100,0,0,1,1,0
2018-06-27,22:28:00,101,0,0,1,1,0
2018-06-27,22:38:00,102,0.5,0,1,1,0
2018-06-27,22:48:00,103,0.5,0,1,1,0
2018-06-27,22:58:00,104,0,0,1,1,0
2018-06-27,23:08:00,105,0,0,1,1,0
2018-06-27,23:18:00,106,0,0,1,1,0
2018-06-27,23:28:00,107,0,0,1,1,0
2018-06-27,23:38:00,108,0,0,1,1,0
2018-06-27,23:48:00,109,0.5,0,1,1,0
2018-06-27,23:58:00,110,1,0,1,1,0
2018-06-28,00:08:00,111,1,0,1,1,0
2018-06-28,00:18:00,112,1,0,1,1,0
2018-06-28,00:28:00,113,1,0,1,1,0
2018-06-28,00:38:00,114,1,0,1,1,0
2018-06-28,00:48:00,115,1,0,1,1,0
2018-06-28,00:58:00,116,1,0,1,1,0
2018-06-28,01:08:00,117,1,0,1,1,0
2018-06-28,01:18:00,118,1,0,1,1,0
2018-06-28,01:28:00,119,1,0,1,1,0
2018-06-28,01:38:00,120,1,0,1,1,0
2018-06-28,01:48:00,121,1,0,1,1,0
2018-06-28,01:58:00,122,1,0,1,1,0
2018-06-28,02:08:00,123,1,0,1,1,0
2018-06-28,02:18:00,124,1,0,1,1,0
2018-06-28,02:28:00,125,1,0,1,1,0
2018-06-28,02:38:00,126,1,0,1,1,0
2018-06-28,02:48:00,127,1,0,1,1,0
2018-06-28,02:58:00,128,1,0,1,1,0
2018-06-28,03:08:00,129,1,0,1,1,0
2018-06-28,03:18:00,130,1,0,1,1,0
2018-06-28,03:28:00,131,1,0,1,1,0
2018-06-28,03:38:00,132,1,0,1,1,0
2018-06-28,03:48:00,133,1,0,1,1,0
2018-06-28,03:58:00,134,1,0,1,1,0
2018-06-28,04:08:00,135,1,0,1,1,0
2018-06-28,04:18:00,136,1,0,1,1,0
2018-06-28,04:28:00,137,0.5,0,1,1,0
2018-06-28,04:38:00,138,0.5,0,1,1,0
2018-06-28,04:48:00,139,1,0,1,1,0
2018-06-28,04:58:00,140,1,0,1,1,0
2018-06-28,05:08:00,141,1,0,1,1,0
2018-06-28,05:18:00,142,1,0,1,1,0
2018-06-28,05:28:00,143,1,0,1,1,0
2018-06-28,05:38:00,144,1,0,1,1,0
2018-06-28,05:48:00,145,1,0,1,1,0
2018-06-28,05:58:00,146,1,0,1,1,0
2018-06-28,06:08:00,147,1,0,1,1,0
2018-06-28,06:18:00,148,1,0,1,1,0
2018-06-28,06:28:00,149,1,0,1,1,0
2018-06-28,06:38:00,150,1,0,1,1,0
2018-06-28,06:48:00,151,1,0,1,1,0
2018-06-28,06:58:00,152,344,1,2,1,2
2018-06-28,07:08:00,153,677.5,0,2,1,2
2018-06-28,07:18:00,154,662.5,0,2,1,2
2018-06-28,07:28:00,155,654.5,0,2,1,2
2018-06-28,07:38:00,156,641.5,0,2,1,2
2018-06-28,07:48:00,157,638.5,0,2,1,2
2018-06-28,07:58:00,158,652,0,2,1,2
2018-06-28,08:08:00,159,645,0,2,1,2
2018-06-28,08:18:00,160,626.5,0,2,1,2
2018-06-28,08:28:00,161,644,0,2,1,2
2018-06-28,08:38:00,162,649,0,2,1,2
2018-06-28,08:48:00,163,637,0,2,1,2
2018-06-28,08:58:00,164,636,0,2,1,2
2018-06-28,09:08:00,165,622,0,2,1,2
2018-06-28,09:18:00,166,619,0,2,1,2
2018-06-28,09:28:00,167,647.5,0,2,1,2
2018-06-28,09:38:00,168,655,0,2,1,2
2018-06-28,09:48:00,169,618.5,0,2,1,2
2018-06-28,09:58:00,170,606.5,0,2,1,2
2018-06-28,10:08:00,171,593.5,0,2,1,2
2018-06-28,10:18:00,172,598,0,2,1,2
2018-06-28,10:28:00,173,608.5,0,2,1,2
2018-06-28,10:38:00,174,610.5,0,2,1,2
2018-06-28,10:48:00,175,653,0,2,1,2
2018-06-28,10:58:00,176,657,0,2,1,2
2018-06-28,11:08:00,177,614.5,0,2,1,2
2018-06-28,11:18:00,178,609.5,0,2,1,2
2018-06-28,11:28:00,179,616.5,0,2,1,2
2018-06-28,11:38:00,180,603.5,0,2,1,2
2018-06-28,11:48:00,181,601.5,0,2,1,2
2018-06-28,11:58:00,182,632.5,0,2,1,2
2018-06-28,12:08:00,183,635,0,2,1,2
2018-06-28,12:18:00,184,618.5,0,2,1,2
2018-06-28,12:28:00,185,624.5,0,2,1,2
2018-06-28,12:38:00,186,618,0,2,1,2
2018-06-28,12:48:00,187,619.5,0,2,1,2
2018-06-28,12:58:00,188,618.5,0,2,1,2
2018-06-28,13:08:00,189,616,0,2,1,2
2018-06-28,13:18:00,190,618.5,0,2,1,2
2018-06-28,13:28:00,191,310,0,2,1,2
2018-06-28,13:38:00,192,337,0,2,1,2
2018-06-28,13:48:00,193,678,0,2,1,2
2018-06-28,13:58:00,194,674,0,2,1,2
2018-06-28,14:08:00,195,655,0,2,1,2
2018-06-28,14:18:00,196,662.5,0,2,1,2
2018-06-28,14:28:00,197,659.5,0,2,1,2
2018-06-28,14:38:00,198,646,0,2,1,2
2018-06-28,14:48:00,199,652,0,2,1,2
2018-06-28,14:58:00,200,664.5,0,2,1,2
2018-06-28,15:08:00,201,651.5,0,2,1,2
2018-06-28,15:18:00,202,620,0,2,1,2
2018-06-28,15:28:00,203,595,0,2,1,2
2018-06-28,15:38:00,204,577.5,0,2,1,2
2018-06-28,15:48:00,205,302.5,0,2,1,2
2018-06-28,15:58:00,206,28,-1,2,2,0
2018-06-28,16:08:00,207,27,0,2,2,0
2018-06-28,16:18:00,208,23,0,2,2,0
2018-06-28,16:28:00,209,24.5,0,2,2,0
2018-06-28,16:38:00,210,25,0,2,2,0
2018-06-28,16:48:00,211,21,0,2,2,0
2018-06-28,16:58:00,212,21,0,2,2,0
2018-06-28,17:08:00,213,21,0,2,2,0
2018-06-28,17:18:00,214,21,0,2,2,0
2018-06-28,17:28:00,215,23,0,2,2,0
2018-06-28,17:38:00,216,23,0,2,2,0
2018-06-28,17:48:00,217,20.5,0,2,2,0
2018-06-28,17:58:00,218,20,0,2,2,0
2018-06-28,18:08:00,219,22,0,2,2,0
2018-06-28,18:18:00,220,22.5,0,2,2,0
2018-06-28,18:28:00,221,22.5,0,2,2,0
2018-06-28,18:38:00,222,22,0,2,2,0
2018-06-28,18:48:00,223,22.5,0,2,2,0
2018-06-28,18:58:00,224,22.5,0,2,2,0
2018-06-28,19:08:00,225,21,0,2,2,0
2018-06-28,19:18:00,226,21,0,2,2,0
2018-06-28,19:28:00,227,22,0,2,2,0
2018-06-28,19:38:00,228,22.5,0,2,2,0
2018-06-28,19:48:00,229,21.5,0,2,2,0
2018-06-28,19:58:00,230,20.5,0,2,2,0
2018-06-28,20:08:00,231,17.5,0,2,2,0
2018-06-28,20:18:00,232,7.5,0,2,2,0
2018-06-28,20:28:00,233,1.5,0,2,2,0
2018-06-28,20:38:00,234,1.5,0,2,2,0
2018-06-28,20:48:00,235,1,0,2,2,0
2018-06-28,20:58:00,236,1,0,2,2,0
2018-06-28,21:08:00,237,1,0,2,2,0
2018-06-28,21:18:00,238,1,0,2,2,0
2018-06-28,21:28:00,239,3,0,2,2,0
2018-06-28,21:38:00,240,2.5,0,2,2,0
2018-06-28,21:48:00,241,0,0,2,2,0
2018-06-28,21:58:00,242,0,0,2,2,0
2018-06-28,22:08:00,243,0,0,2,2,0
2018-06-28,22:18:00,244,0,0,2,2,0
2018-06-28,22:28:00,245,0,0,2,2,0
2018-06-28,22:38:00,246,0.5,0,2,2,0
2018-06-28,22:48:00,247,0.5,0,2,2,0
2018-06-28,22:58:00,248,0,0,2,2,0
2018-06-28,23:08:00,249,0,0,2,2,0
2018-06-28,23:18:00,250,0,0,2,2,0
2018-06-28,23:28:00,251,0,0,2,2,0
2018-06-28,23:38:00,252,0,0,2,2,0
2018-06-28,23:48:00,253,0.5,0,2,2,0
2018-06-28,23:58:00,254,1,0,2,2,0
2018-06-29,00:08:00,255,1,0,2,2,0
2018-06-29,00:18:00,256,1,0,2,2,0
2018-06-29,00:28:00,257,1,0,2,2,0
2018-06-29,00:38:00,258,1,0,2,2,0
2018-06-29,00:48:00,259,1,0,2,2,0
2018-06-29,00:58:00,260,1,0,2,2,0
2018-06-29,01:08:00,261,1,0,2,2,0
2018-06-29,01:18:00,262,1,0,2,2,0
2018-06-29,01:28:00,263,1,0,2,2,0
2018-06-29,01:38:00,264,1,0,2,2,0
2018-06-29,01:48:00,265,1,0,2,2,0
2018-06-29,01:58:00,266,1,0,2,2,0
2018-06-29,02:08:00,267,1,0,2,2,0
2018-06-29,02:18:00,268,1,0,2,2,0
2018-06-29,02:28:00,269,1,0,2,2,0
2018-06-29,02:38:00,270,1,0,2,2,0
2018-06-29,02:48:00,271,1,0,2,2,0
2018-06-29,02:58:00,272,1,0,2,2,0
2018-06-29,03:08:00,273,1,0,2,2,0
2018-06-29,03:18:00,274,1,0,2,2,0
2018-06-29,03:28:00,275,1,0,2,2,0
2018-06-29,03:38:00,276,1,0,2,2,0
2018-06-29,03:48:00,277,2,0,2,2,0
2018-06-29,03:58:00,278,2,0,2,2,0
2018-06-29,04:08:00,279,1,0,2,2,0
2018-06-29,04:18:00,280,1,0,2,2,0
2018-06-29,04:28:00,281,1,0,2,2,0
2018-06-29,04:38:00,282,1,0,2,2,0
2018-06-29,04:48:00,283,1,0,2,2,0
2018-06-29,04:58:00,284,1,0,2,2,0
2018-06-29,05:08:00,285,1,0,2,2,0
2018-06-29,05:18:00,286,1,0,2,2,0
2018-06-29,05:28:00,287,1,0,2,2,0
2018-06-29,05:38:00,288,1,0,2,2,0
2018-06-29,05:48:00,289,1,0,2,2,0
2018-06-29,05:58:00,290,1,0,2,2,0
2018-06-29,06:08:00,291,1,0,2,2,0
2018-06-29,06:18:00,292,1,0,2,2,0
2018-06-29,06:28:00,293,1,0,2,2,0
2018-06-29,06:38:00,294,1,0,2,2,0
2018-06-29,06:48:00,295,1,0,2,2,0
2018-06-29,06:58:00,296,351,1,3,2,3
2018-06-29,07:08:00,297,677,0,3,2,3
2018-06-29,07:18:00,298,660,0,3,2,3
2018-06-29,07:28:00,299,659,0,3,2,3
2018-06-29,07:38:00,300,647,0,3,2,3
2018-06-29,07:48:00,301,645,0,3,2,3
2018-06-29,07:58:00,302,644.5,0,3,2,3
2018-06-29,08:08:00,303,645,0,3,2,3
2018-06-29,08:18:00,304,636,0,3,2,3
2018-06-29,08:28:00,305,639.5,0,3,2,3
2018-06-29,08:38:00,306,641.5,0,3,2,3
2018-06-29,08:48:00,307,634,0,3,2,3
2018-06-29,08:58:00,308,632,0,3,2,3
2018-06-29,09:08:00,309,620.5,0,3,2,3
2018-06-29,09:18:00,310,614.5,0,3,2,3
2018-06-29,09:28:00,311,618,0,3,2,3
2018-06-29,09:38:00,312,615,0,3,2,3
2018-06-29,09:48:00,313,616,0,3,2,3
2018-06-29,09:58:00,314,638,0,3,2,3
2018-06-29,10:08:00,315,638,0,3,2,3
2018-06-29,10:18:00,316,657,0,3,2,3
2018-06-29,10:28:00,317,686,0,3,2,3
2018-06-29,10:38:00,318,646.5,0,3,2,3
2018-06-29,10:48:00,319,618.5,0,3,2,3
2018-06-29,10:58:00,320,623,0,3,2,3
2018-06-29,11:08:00,321,609,0,3,2,3
2018-06-29,11:18:00,322,612.5,0,3,2,3
2018-06-29,11:28:00,323,607.5,0,3,2,3
2018-06-29,11:38:00,324,589,0,3,2,3
2018-06-29,11:48:00,325,585,0,3,2,3
2018-06-29,11:58:00,326,590.5,0,3,2,3
2018-06-29,12:08:00,327,604.5,0,3,2,3
2018-06-29,12:18:00,328,617,0,3,2,3
2018-06-29,12:28:00,329,627,0,3,2,3
2018-06-29,12:38:00,330,623.5,0,3,2,3
2018-06-29,12:48:00,331,634.5,0,3,2,3
2018-06-29,12:58:00,332,635.5,0,3,2,3
2018-06-29,13:08:00,333,619.5,0,3,2,3
2018-06-29,13:18:00,334,614.5,0,3,2,3
2018-06-29,13:28:00,335,305.5,0,3,2,3
2018-06-29,13:38:00,336,339.5,0,3,2,3
2018-06-29,13:48:00,337,657,0,3,2,3
2018-06-29,13:58:00,338,638,0,3,2,3
2018-06-29,14:08:00,339,641.5,0,3,2,3
2018-06-29,14:18:00,340,648.5,0,3,2,3
2018-06-29,14:28:00,341,647,0,3,2,3
2018-06-29,14:38:00,342,635.5,0,3,2,3
2018-06-29,14:48:00,343,636,0,3,2,3
2018-06-29,14:58:00,344,638.5,0,3,2,3
2018-06-29,15:08:00,345,612,0,3,2,3
2018-06-29,15:18:00,346,601.5,0,3,2,3
2018-06-29,15:28:00,347,595.5,0,3,2,3
2018-06-29,15:38:00,348,586,0,3,2,3
2018-06-29,15:48:00,349,309,0,3,2,3
2018-06-29,15:58:00,350,24,-1,3,3,0
2018-06-29,16:08:00,351,24.5,0,3,3,0
2018-06-29,16:18:00,352,22.5,0,3,3,0
2018-06-29,16:28:00,353,21.5,0,3,3,0
2018-06-29,16:38:00,354,22.5,0,3,3,0
2018-06-29,16:48:00,355,24.5,0,3,3,0
2018-06-29,16:58:00,356,24,0,3,3,0
2018-06-29,17:08:00,357,21.5,0,3,3,0
2018-06-29,17:18:00,358,21,0,3,3,0
2018-06-29,17:28:00,359,21.5,0,3,3,0
2018-06-29,17:38:00,360,22,0,3,3,0
2018-06-29,17:48:00,361,22.5,0,3,3,0
2018-06-29,17:58:00,362,22.5,0,3,3,0
2018-06-29,18:08:00,363,21.5,0,3,3,0
2018-06-29,18:18:00,364,21,0,3,3,0
2018-06-29,18:28:00,365,21.5,0,3,3,0
2018-06-29,18:38:00,366,22,0,3,3,0
2018-06-29,18:48:00,367,22,0,3,3,0
2018-06-29,18:58:00,368,21.5,0,3,3,0
2018-06-29,19:08:00,369,20.5,0,3,3,0
2018-06-29,19:18:00,370,21,0,3,3,0
2018-06-29,19:28:00,371,22,0,3,3,0
2018-06-29,19:38:00,372,22.5,0,3,3,0
2018-06-29,19:48:00,373,23,0,3,3,0
2018-06-29,19:58:00,374,23,0,3,3,0
2018-06-29,20:08:00,375,19.5,0,3,3,0
2018-06-29,20:18:00,376,8.5,0,3,3,0
2018-06-29,20:28:00,377,1,0,3,3,0
2018-06-29,20:38:00,378,1,0,3,3,0
2018-06-29,20:48:00,379,1,0,3,3,0
2018-06-29,20:58:00,380,1,0,3,3,0
2018-06-29,21:08:00,381,1,0,3,3,0
2018-06-29,21:18:00,382,1,0,3,3,0
2018-06-29,21:28:00,383,0.5,0,3,3,0
2018-06-29,21:38:00,384,0,0,3,3,0
2018-06-29,21:48:00,385,0,0,3,3,0
2018-06-29,21:58:00,386,0,0,3,3,0
2018-06-29,22:08:00,387,0,0,3,3,0
2018-06-29,22:18:00,388,0,0,3,3,0
2018-06-29,22:28:00,389,0,0,3,3,0
2018-06-29,22:38:00,390,0,0,3,3,0
2018-06-29,22:48:00,391,0,0,3,3,0
2018-06-29,22:58:00,392,0,0,3,3,0
2018-06-29,23:08:00,393,0,0,3,3,0
2018-06-29,23:18:00,394,0,0,3,3,0
2018-06-29,23:28:00,395,0,0,3,3,0
2018-06-29,23:38:00,396,0,0,3,3,0
2018-06-29,23:48:00,397,0,0,3,3,0
2018-06-29,23:58:00,398,0,0,3,3,0
2018-06-30,00:08:00,399,0,0,3,3,0
2018-06-30,00:18:00,400,0,0,3,3,0
2018-06-30,00:28:00,401,0,0,3,3,0
2018-06-30,00:38:00,402,0,0,3,3,0
2018-06-30,00:48:00,403,0,0,3,3,0
2018-06-30,00:58:00,404,0,0,3,3,0
2018-06-30,01:08:00,405,0,0,3,3,0
2018-06-30,01:18:00,406,0,0,3,3,0
2018-06-30,01:28:00,407,0,0,3,3,0
2018-06-30,01:38:00,408,0,0,3,3,0
2018-06-30,01:48:00,409,0,0,3,3,0
2018-06-30,01:58:00,410,0,0,3,3,0
2018-06-30,02:08:00,411,0,0,3,3,0
2018-06-30,02:18:00,412,0,0,3,3,0
2018-06-30,02:28:00,413,0,0,3,3,0
2018-06-30,02:38:00,414,0,0,3,3,0
2018-06-30,02:48:00,415,0,0,3,3,0
2018-06-30,02:58:00,416,0,0,3,3,0
2018-06-30,03:08:00,417,0.5,0,3,3,0
2018-06-30,03:18:00,418,0.5,0,3,3,0
2018-06-30,03:28:00,419,0,0,3,3,0
2018-06-30,03:38:00,420,0,0,3,3,0
2018-06-30,03:48:00,421,0,0,3,3,0
2018-06-30,03:58:00,422,0,0,3,3,0
2018-06-30,04:08:00,423,0,0,3,3,0
2018-06-30,04:18:00,424,0,0,3,3,0
2018-06-30,04:28:00,425,0,0,3,3,0
2018-06-30,04:38:00,426,0,0,3,3,0
2018-06-30,04:48:00,427,0,0,3,3,0
2018-06-30,04:58:00,428,0,0,3,3,0
2018-06-30,05:08:00,429,0,0,3,3,0
2018-06-30,05:18:00,430,0,0,3,3,0
2018-06-30,05:28:00,431,0,0,3,3,0
2018-06-30,05:38:00,432,0,0,3,3,0
2018-06-30,05:48:00,433,0,0,3,3,0
2018-06-30,05:58:00,434,0,0,3,3,0
2018-06-30,06:08:00,435,0,0,3,3,0
2018-06-30,06:18:00,436,0,0,3,3,0
2018-06-30,06:28:00,437,0,0,3,3,0
2018-06-30,06:38:00,438,0,0,3,3,0
2018-06-30,06:48:00,439,0,0,3,3,0
2018-06-30,06:58:00,440,0,0,3,3,0
2018-06-30,07:08:00,441,0,0,3,3,0
2018-06-30,07:18:00,442,0,0,3,3,0
2018-06-30,07:28:00,443,0,0,3,3,0
2018-06-30,07:38:00,444,0,0,3,3,0
2018-06-30,07:48:00,445,0,0,3,3,0
2018-06-30,07:58:00,446,0,0,3,3,0
2018-06-30,08:08:00,447,0,0,3,3,0
2018-06-30,08:18:00,448,0,0,3,3,0
2018-06-30,08:28:00,449,0,0,3,3,0
2018-06-30,08:38:00,450,0,0,3,3,0
2018-06-30,08:48:00,451,0,0,3,3,0
2018-06-30,08:58:00,452,0,0,3,3,0
2018-06-30,09:08:00,453,0,0,3,3,0
2018-06-30,09:18:00,454,0,0,3,3,0
2018-06-30,09:28:00,455,0,0,3,3,0
2018-06-30,09:38:00,456,0,0,3,3,0
2018-06-30,09:48:00,457,0,0,3,3,0
2018-06-30,09:58:00,458,0,0,3,3,0
2018-06-30,10:08:00,459,0,0,3,3,0
2018-06-30,10:18:00,460,0,0,3,3,0
2018-06-30,10:28:00,461,0,0,3,3,0
2018-06-30,10:38:00,462,0,0,3,3,0
2018-06-30,10:48:00,463,0,0,3,3,0
2018-06-30,10:58:00,464,0,0,3,3,0
2018-06-30,11:08:00,465,0,0,3,3,0
2018-06-30,11:18:00,466,0,0,3,3,0
2018-06-30,11:28:00,467,0,0,3,3,0
2018-06-30,11:38:00,468,0,0,3,3,0
2018-06-30,11:48:00,469,0,0,3,3,0
2018-06-30,11:58:00,470,0,0,3,3,0
2018-06-30,12:08:00,471,0,0,3,3,0
2018-06-30,12:18:00,472,0,0,3,3,0
2018-06-30,12:28:00,473,0,0,3,3,0
2018-06-30,12:38:00,474,0,0,3,3,0
2018-06-30,12:48:00,475,0,0,3,3,0
2018-06-30,12:58:00,476,0,0,3,3,0
2018-06-30,13:08:00,477,0,0,3,3,0
2018-06-30,13:18:00,478,0,0,3,3,0
2018-06-30,13:28:00,479,0,0,3,3,0
2018-06-30,13:38:00,480,0,0,3,3,0
2018-06-30,13:48:00,481,0,0,3,3,0
2018-06-30,13:58:00,482,0,0,3,3,0
2018-06-30,14:08:00,483,0,0,3,3,0
2018-06-30,14:18:00,484,0,0,3,3,0
2018-06-30,14:28:00,485,0,0,3,3,0
2018-06-30,14:38:00,486,0,0,3,3,0
2018-06-30,14:48:00,487,0,0,3,3,0
2018-06-30,14:58:00,488,0,0,3,3,0
2018-06-30,15:08:00,489,0,0,3,3,0
2018-06-30,15:18:00,490,0,0,3,3,0
2018-06-30,15:28:00,491,0,0,3,3,0
2018-06-30,15:38:00,492,0,0,3,3,0
2018-06-30,15:48:00,493,0,0,3,3,0
2018-06-30,15:58:00,494,0,0,3,3,0
2018-06-30,16:08:00,495,0,0,3,3,0
2018-06-30,16:18:00,496,0,0,3,3,0
2018-06-30,16:28:00,497,0,0,3,3,0
2018-06-30,16:38:00,498,0,0,3,3,0
2018-06-30,16:48:00,499,0,0,3,3,0
2018-06-30,16:58:00,500,0,0,3,3,0
2018-06-30,17:08:00,501,0,0,3,3,0
2018-06-30,17:18:00,502,0,0,3,3,0
2018-06-30,17:28:00,503,0,0,3,3,0
2018-06-30,17:38:00,504,0,0,3,3,0
2018-06-30,17:48:00,505,0,0,3,3,0
2018-06-30,17:58:00,506,0,0,3,3,0
2018-06-30,18:08:00,507,0,0,3,3,0
2018-06-30,18:18:00,508,0,0,3,3,0
2018-06-30,18:28:00,509,0,0,3,3,0
2018-06-30,18:38:00,510,0,0,3,3,0
2018-06-30,18:48:00,511,0,0,3,3,0
2018-06-30,18:58:00,512,0,0,3,3,0
2018-06-30,19:08:00,513,0,0,3,3,0
2018-06-30,19:18:00,514,0,0,3,3,0
2018-06-30,19:28:00,515,0,0,3,3,0
2018-06-30,19:38:00,516,0,0,3,3,0
2018-06-30,19:48:00,517,0,0,3,3,0
2018-06-30,19:58:00,518,0,0,3,3,0
2018-06-30,20:08:00,519,0,0,3,3,0
2018-06-30,20:18:00,520,0,0,3,3,0
2018-06-30,20:28:00,521,0,0,3,3,0
2018-06-30,20:38:00,522,0,0,3,3,0
2018-06-30,20:48:00,523,0,0,3,3,0
2018-06-30,20:58:00,524,0,0,3,3,0
2018-06-30,21:08:00,525,0,0,3,3,0
2018-06-30,21:18:00,526,0,0,3,3,0
2018-06-30,21:28:00,527,0,0,3,3,0
2018-06-30,21:38:00,528,0,0,3,3,0
2018-06-30,21:48:00,529,0,0,3,3,0
2018-06-30,21:58:00,530,0,0,3,3,0
2018-06-30,22:08:00,531,0,0,3,3,0
2018-06-30,22:18:00,532,0,0,3,3,0
2018-06-30,22:28:00,533,0,0,3,3,0
2018-06-30,22:38:00,534,0,0,3,3,0
2018-06-30,22:48:00,535,0,0,3,3,0
2018-06-30,22:58:00,536,0,0,3,3,0
2018-06-30,23:08:00,537,0,0,3,3,0
2018-06-30,23:18:00,538,0,0,3,3,0
2018-06-30,23:28:00,539,0,0,3,3,0
2018-06-30,23:38:00,540,0,0,3,3,0
2018-06-30,23:48:00,541,0,0,3,3,0
2018-06-30,23:58:00,542,0,0,3,3,0
2018-07-01,00:08:00,543,0,0,3,3,0
2018-07-01,00:18:00,544,0,0,3,3,0
2018-07-01,00:28:00,545,0,0,3,3,0
2018-07-01,00:38:00,546,0,0,3,3,0
2018-07-01,00:48:00,547,0,0,3,3,0
2018-07-01,00:58:00,548,0,0,3,3,0
2018-07-01,01:08:00,549,0,0,3,3,0
2018-07-01,01:18:00,550,0,0,3,3,0
2018-07-01,01:28:00,551,0,0,3,3,0
2018-07-01,01:38:00,552,0,0,3,3,0
2018-07-01,01:48:00,553,0,0,3,3,0
2018-07-01,01:58:00,554,0,0,3,3,0
2018-07-01,02:08:00,555,0,0,3,3,0
2018-07-01,02:18:00,556,0,0,3,3,0
2018-07-01,02:28:00,557,0,0,3,3,0
2018-07-01,02:38:00,558,0,0,3,3,0
2018-07-01,02:48:00,559,0,0,3,3,0
2018-07-01,02:58:00,560,0,0,3,3,0
2018-07-01,03:08:00,561,0,0,3,3,0
2018-07-01,03:18:00,562,0,0,3,3,0
2018-07-01,03:28:00,563,0,0,3,3,0
2018-07-01,03:38:00,564,0,0,3,3,0
2018-07-01,03:48:00,565,0,0,3,3,0
2018-07-01,03:58:00,566,0,0,3,3,0
2018-07-01,04:08:00,567,0,0,3,3,0
2018-07-01,04:18:00,568,0,0,3,3,0
2018-07-01,04:28:00,569,0,0,3,3,0
2018-07-01,04:38:00,570,0,0,3,3,0
2018-07-01,04:48:00,571,0,0,3,3,0
2018-07-01,04:58:00,572,0,0,3,3,0
2018-07-01,05:08:00,573,0,0,3,3,0
2018-07-01,05:18:00,574,0,0,3,3,0
2018-07-01,05:28:00,575,0,0,3,3,0
2018-07-01,05:38:00,576,0,0,3,3,0
2018-07-01,05:48:00,577,0,0,3,3,0
2018-07-01,05:58:00,578,0,0,3,3,0
2018-07-01,06:08:00,579,0,0,3,3,0
2018-07-01,06:18:00,580,0,0,3,3,0
2018-07-01,06:28:00,581,0,0,3,3,0
2018-07-01,06:38:00,582,0,0,3,3,0
2018-07-01,06:48:00,583,0,0,3,3,0
2018-07-01,06:58:00,584,0,0,3,3,0
2018-07-01,07:08:00,585,0,0,3,3,0
2018-07-01,07:18:00,586,0,0,3,3,0
2018-07-01,07:28:00,587,0,0,3,3,0
2018-07-01,07:38:00,588,0,0,3,3,0
2018-07-01,07:48:00,589,0,0,3,3,0
2018-07-01,07:58:00,590,0,0,3,3,0
2018-07-01,08:08:00,591,0,0,3,3,0
2018-07-01,08:18:00,592,0,0,3,3,0
2018-07-01,08:28:00,593,0,0,3,3,0
2018-07-01,08:38:00,594,0,0,3,3,0
2018-07-01,08:48:00,595,0,0,3,3,0
2018-07-01,08:58:00,596,0,0,3,3,0
2018-07-01,09:08:00,597,0,0,3,3,0
2018-07-01,09:18:00,598,0,0,3,3,0
2018-07-01,09:28:00,599,0,0,3,3,0
2018-07-01,09:38:00,600,0,0,3,3,0
2018-07-01,09:48:00,601,0,0,3,3,0
2018-07-01,09:58:00,602,0,0,3,3,0
2018-07-01,10:08:00,603,0,0,3,3,0
2018-07-01,10:18:00,604,0,0,3,3,0
2018-07-01,10:28:00,605,0,0,3,3,0
2018-07-01,10:38:00,606,0,0,3,3,0
2018-07-01,10:48:00,607,0,0,3,3,0
2018-07-01,10:58:00,608,0,0,3,3,0
2018-07-01,11:08:00,609,0,0,3,3,0
2018-07-01,11:18:00,610,0,0,3,3,0
2018-07-01,11:28:00,611,0,0,3,3,0
2018-07-01,11:38:00,612,0,0,3,3,0
2018-07-01,11:48:00,613,0,0,3,3,0
2018-07-01,11:58:00,614,0,0,3,3,0
2018-07-01,12:08:00,615,0,0,3,3,0
2018-07-01,12:18:00,616,0,0,3,3,0
2018-07-01,12:28:00,617,0,0,3,3,0
2018-07-01,12:38:00,618,0,0,3,3,0
2018-07-01,12:48:00,619,0,0,3,3,0
2018-07-01,12:58:00,620,0,0,3,3,0
2018-07-01,13:08:00,621,0,0,3,3,0
2018-07-01,13:18:00,622,0,0,3,3,0
2018-07-01,13:28:00,623,0,0,3,3,0
2018-07-01,13:38:00,624,0,0,3,3,0
2018-07-01,13:48:00,625,0,0,3,3,0
2018-07-01,13:58:00,626,0,0,3,3,0
2018-07-01,14:08:00,627,0,0,3,3,0
2018-07-01,14:18:00,628,0,0,3,3,0
2018-07-01,14:28:00,629,0,0,3,3,0
2018-07-01,14:38:00,630,0,0,3,3,0
2018-07-01,14:48:00,631,0,0,3,3,0
2018-07-01,14:58:00,632,0,0,3,3,0
2018-07-01,15:08:00,633,0,0,3,3,0
2018-07-01,15:18:00,634,0,0,3,3,0
2018-07-01,15:28:00,635,0,0,3,3,0
2018-07-01,15:38:00,636,0,0,3,3,0
2018-07-01,15:48:00,637,0,0,3,3,0
2018-07-01,15:58:00,638,0,0,3,3,0
2018-07-01,16:08:00,639,0,0,3,3,0
2018-07-01,16:18:00,640,0,0,3,3,0
2018-07-01,16:28:00,641,0,0,3,3,0
2018-07-01,16:38:00,642,0,0,3,3,0
2018-07-01,16:48:00,643,0,0,3,3,0
2018-07-01,16:58:00,644,0,0,3,3,0
2018-07-01,17:08:00,645,0,0,3,3,0
2018-07-01,17:18:00,646,0,0,3,3,0
2018-07-01,17:28:00,647,0,0,3,3,0
2018-07-01,17:38:00,648,0,0,3,3,0
2018-07-01,17:48:00,649,0,0,3,3,0
2018-07-01,17:58:00,650,0,0,3,3,0
2018-07-01,18:08:00,651,0,0,3,3,0
2018-07-01,18:18:00,652,0,0,3,3,0
2018-07-01,18:28:00,653,0,0,3,3,0
2018-07-01,18:38:00,654,0,0,3,3,0
2018-07-01,18:48:00,655,0,0,3,3,0
2018-07-01,18:58:00,656,0,0,3,3,0
2018-07-01,19:08:00,657,0,0,3,3,0
2018-07-01,19:18:00,658,0,0,3,3,0
2018-07-01,19:28:00,659,0,0,3,3,0
2018-07-01,19:38:00,660,0,0,3,3,0
2018-07-01,19:48:00,661,0,0,3,3,0
2018-07-01,19:58:00,662,0,0,3,3,0
2018-07-01,20:08:00,663,0,0,3,3,0
2018-07-01,20:18:00,664,0,0,3,3,0
2018-07-01,20:28:00,665,0,0,3,3,0
2018-07-01,20:38:00,666,0,0,3,3,0
2018-07-01,20:48:00,667,0,0,3,3,0
2018-07-01,20:58:00,668,0,0,3,3,0
2018-07-01,21:08:00,669,0,0,3,3,0
2018-07-01,21:18:00,670,0,0,3,3,0
2018-07-01,21:28:00,671,0,0,3,3,0
2018-07-01,21:38:00,672,0,0,3,3,0
2018-07-01,21:48:00,673,0,0,3,3,0
2018-07-01,21:58:00,674,0,0,3,3,0
2018-07-01,22:08:00,675,0,0,3,3,0
2018-07-01,22:18:00,676,0,0,3,3,0
2018-07-01,22:28:00,677,0,0,3,3,0
2018-07-01,22:38:00,678,0.5,0,3,3,0
2018-07-01,22:48:00,679,1,0,3,3,0
2018-07-01,22:58:00,680,1,0,3,3,0
2018-07-01,23:08:00,681,1,0,3,3,0
2018-07-01,23:18:00,682,1,0,3,3,0
2018-07-01,23:28:00,683,1,0,3,3,0
2018-07-01,23:38:00,684,1,0,3,3,0
2018-07-01,23:48:00,685,1,0,3,3,0
2018-07-01,23:58:00,686,1,0,3,3,0
2018-07-02,00:08:00,687,1,0,3,3,0
2018-07-02,00:18:00,688,0.5,0,3,3,0
2018-07-02,00:28:00,689,0.5,0,3,3,0
2018-07-02,00:38:00,690,1,0,3,3,0
2018-07-02,00:48:00,691,1,0,3,3,0
2018-07-02,00:58:00,692,1,0,3,3,0
2018-07-02,01:08:00,693,1,0,3,3,0
2018-07-02,01:18:00,694,1,0,3,3,0
2018-07-02,01:28:00,695,1,0,3,3,0
2018-07-02,01:38:00,696,1,0,3,3,0
2018-07-02,01:48:00,697,1,0,3,3,0
2018-07-02,01:58:00,698,1,0,3,3,0
2018-07-02,02:08:00,699,1,0,3,3,0
2018-07-02,02:18:00,700,1,0,3,3,0
2018-07-02,02:28:00,701,1,0,3,3,0
2018-07-02,02:38:00,702,1,0,3,3,0
2018-07-02,02:48:00,703,1,0,3,3,0
2018-07-02,02:58:00,704,1,0,3,3,0
2018-07-02,03:08:00,705,1,0,3,3,0
2018-07-02,03:18:00,706,1,0,3,3,0
2018-07-02,03:28:00,707,1,0,3,3,0
2018-07-02,03:38:00,708,1,0,3,3,0
2018-07-02,03:48:00,709,2,0,3,3,0
2018-07-02,03:58:00,710,2,0,3,3,0
2018-07-02,04:08:00,711,1,0,3,3,0
2018-07-02,04:18:00,712,1,0,3,3,0
2018-07-02,04:28:00,713,1,0,3,3,0
2018-07-02,04:38:00,714,1,0,3,3,0
2018-07-02,04:48:00,715,1,0,3,3,0
2018-07-02,04:58:00,716,1,0,3,3,0
2018-07-02,05:08:00,717,1,0,3,3,0
2018-07-02,05:18:00,718,1,0,3,3,0
2018-07-02,05:28:00,719,1,0,3,3,0
2018-07-02,05:38:00,720,1,0,3,3,0
2018-07-02,05:48:00,721,1,0,3,3,0
2018-07-02,05:58:00,722,1,0,3,3,0
2018-07-02,06:08:00,723,1,0,3,3,0
2018-07-02,06:18:00,724,0.5,0,3,3,0
2018-07-02,06:28:00,725,0.5,0,3,3,0
2018-07-02,06:38:00,726,1,0,3,3,0
2018-07-02,06:48:00,727,1,0,3,3,0
2018-07-02,06:58:00,728,353,1,4,3,4
2018-07-02,07:08:00,729,691,0,4,3,4
2018-07-02,07:18:00,730,669.5,0,4,3,4
2018-07-02,07:28:00,731,659,0,4,3,4
2018-07-02,07:38:00,732,668,0,4,3,4
2018-07-02,07:48:00,733,668.5,0,4,3,4
2018-07-02,07:58:00,734,645.5,0,4,3,4
2018-07-02,08:08:00,735,635.5,0,4,3,4
2018-07-02,08:18:00,736,634.5,0,4,3,4
2018-07-02,08:28:00,737,629,0,4,3,4
2018-07-02,08:38:00,738,623.5,0,4,3,4
2018-07-02,08:48:00,739,632.5,0,4,3,4
2018-07-02,08:58:00,740,637.5,0,4,3,4
2018-07-02,09:08:00,741,626,0,4,3,4
2018-07-02,09:18:00,742,622,0,4,3,4
2018-07-02,09:28:00,743,629.5,0,4,3,4
2018-07-02,09:38:00,744,628.5,0,4,3,4
2018-07-02,09:48:00,745,626.5,0,4,3,4
2018-07-02,09:58:00,746,632,0,4,3,4
2018-07-02,10:08:00,747,624.5,0,4,3,4
2018-07-02,10:18:00,748,619,0,4,3,4
2018-07-02,10:28:00,749,615.5,0,4,3,4
2018-07-02,10:38:00,750,618.5,0,4,3,4
2018-07-02,10:48:00,751,631.5,0,4,3,4
2018-07-02,10:58:00,752,632,0,4,3,4
2018-07-02,11:08:00,753,607,0,4,3,4
2018-07-02,11:18:00,754,608.5,0,4,3,4
2018-07-02,11:28:00,755,613.5,0,4,3,4
2018-07-02,11:38:00,756,604,0,4,3,4
2018-07-02,11:48:00,757,614.5,0,4,3,4
2018-07-02,11:58:00,758,633,0,4,3,4
2018-07-02,12:08:00,759,628,0,4,3,4
2018-07-02,12:18:00,760,606,0,4,3,4
2018-07-02,12:28:00,761,607,0,4,3,4
2018-07-02,12:38:00,762,612.5,0,4,3,4
2018-07-02,12:48:00,763,607.5,0,4,3,4
2018-07-02,12:58:00,764,606,0,4,3,4
2018-07-02,13:08:00,765,623,0,4,3,4
2018-07-02,13:18:00,766,621,0,4,3,4
2018-07-02,13:28:00,767,305.5,0,4,3,4
2018-07-02,13:38:00,768,338,0,4,3,4
2018-07-02,13:48:00,769,654.5,0,4,3,4
2018-07-02,13:58:00,770,635.5,0,4,3,4
2018-07-02,14:08:00,771,642.5,0,4,3,4
2018-07-02,14:18:00,772,637.5,0,4,3,4
2018-07-02,14:28:00,773,634.5,0,4,3,4
2018-07-02,14:38:00,774,631.5,0,4,3,4
2018-07-02,14:48:00,775,629,0,4,3,4
2018-07-02,14:58:00,776,634,0,4,3,4
2018-07-02,15:08:00,777,611,0,4,3,4
2018-07-02,15:18:00,778,609.5,0,4,3,4
2018-07-02,15:28:00,779,605.5,0,4,3,4
2018-07-02,15:38:00,780,581.5,0,4,3,4
2018-07-02,15:48:00,781,304,0,4,3,4
2018-07-02,15:58:00,782,27,-1,4,4,0
2018-07-02,16:08:00,783,24.5,0,4,4,0
2018-07-02,16:18:00,784,23,0,4,4,0
2018-07-02,16:28:00,785,22.5,0,4,4,0
2018-07-02,16:38:00,786,22,0,4,4,0
2018-07-02,16:48:00,787,21,0,4,4,0
2018-07-02,16:58:00,788,21.5,0,4,4,0
2018-07-02,17:08:00,789,23,0,4,4,0
2018-07-02,17:18:00,790,23,0,4,4,0
2018-07-02,17:28:00,791,21,0,4,4,0
2018-07-02,17:38:00,792,20.5,0,4,4,0
2018-07-02,17:48:00,793,21,0,4,4,0
2018-07-02,17:58:00,794,22.5,0,4,4,0
2018-07-02,18:08:00,795,23,0,4,4,0
2018-07-02,18:18:00,796,22,0,4,4,0
2018-07-02,18:28:00,797,21.5,0,4,4,0
2018-07-02,18:38:00,798,21.5,0,4,4,0
2018-07-02,18:48:00,799,21,0,4,4,0
2018-07-02,18:58:00,800,21.5,0,4,4,0
2018-07-02,19:08:00,801,22,0,4,4,0
2018-07-02,19:18:00,802,21.5,0,4,4,0
2018-07-02,19:28:00,803,22.5,0,4,4,0
2018-07-02,19:38:00,804,22.5,0,4,4,0
2018-07-02,19:48:00,805,22.5,0,4,4,0
2018-07-02,19:58:00,806,23,0,4,4,0
2018-07-02,20:08:00,807,19.5,0,4,4,0
2018-07-02,20:18:00,808,8.5,0,4,4,0
2018-07-02,20:28:00,809,1,0,4,4,0
2018-07-02,20:38:00,810,1,0,4,4,0
2018-07-02,20:48:00,811,1,0,4,4,0
2018-07-02,20:58:00,812,1,0,4,4,0
2018-07-02,21:08:00,813,1,0,4,4,0
2018-07-02,21:18:00,814,1,0,4,4,0
2018-07-02,21:28:00,815,0.5,0,4,4,0
2018-07-02,21:38:00,816,0,0,4,4,0
2018-07-02,21:48:00,817,0,0,4,4,0
2018-07-02,21:58:00,818,0,0,4,4,0
2018-07-02,22:08:00,819,0,0,4,4,0
2018-07-02,22:18:00,820,0,0,4,4,0
2018-07-02,22:28:00,821,0,0,4,4,0
2018-07-02,22:38:00,822,0,0,4,4,0
2018-07-02,22:48:00,823,0,0,4,4,0
2018-07-02,22:58:00,824,0,0,4,4,0
2018-07-02,23:08:00,825,0,0,4,4,0
2018-07-02,23:18:00,826,0.5,0,4,4,0
2018-07-02,23:28:00,827,0.5,0,4,4,0
2018-07-02,23:38:00,828,0,0,4,4,0
2018-07-02,23:48:00,829,0.5,0,4,4,0
2018-07-02,23:58:00,830,1,0,4,4,0
2018-07-03,00:08:00,831,1,0,4,4,0
2018-07-03,00:18:00,832,1,0,4,4,0
2018-07-03,00:28:00,833,1,0,4,4,0
2018-07-03,00:38:00,834,1,0,4,4,0
2018-07-03,00:48:00,835,1,0,4,4,0
2018-07-03,00:58:00,836,1,0,4,4,0
2018-07-03,01:08:00,837,1,0,4,4,0
2018-07-03,01:18:00,838,1,0,4,4,0
2018-07-03,01:28:00,839,1,0,4,4,0
2018-07-03,01:38:00,840,1,0,4,4,0
2018-07-03,01:48:00,841,1,0,4,4,0
2018-07-03,01:58:00,842,1,0,4,4,0
2018-07-03,02:08:00,843,1,0,4,4,0
2018-07-03,02:18:00,844,1,0,4,4,0
2018-07-03,02:28:00,845,1,0,4,4,0
2018-07-03,02:38:00,846,1,0,4,4,0
2018-07-03,02:48:00,847,1,0,4,4,0
2018-07-03,02:58:00,848,1,0,4,4,0
2018-07-03,03:08:00,849,1,0,4,4,0
2018-07-03,03:18:00,850,1,0,4,4,0
2018-07-03,03:28:00,851,1,0,4,4,0
2018-07-03,03:38:00,852,0.5,0,4,4,0
2018-07-03,03:48:00,853,1.5,0,4,4,0
2018-07-03,03:58:00,854,2,0,4,4,0
2018-07-03,04:08:00,855,1,0,4,4,0
2018-07-03,04:18:00,856,1,0,4,4,0
2018-07-03,04:28:00,857,1,0,4,4,0
2018-07-03,04:38:00,858,1,0,4,4,0
2018-07-03,04:48:00,859,1,0,4,4,0
2018-07-03,04:58:00,860,1,0,4,4,0
2018-07-03,05:08:00,861,1,0,4,4,0
2018-07-03,05:18:00,862,1,0,4,4,0
2018-07-03,05:28:00,863,1,0,4,4,0
2018-07-03,05:38:00,864,1,0,4,4,0
2018-07-03,05:48:00,865,1,0,4,4,0
2018-07-03,05:58:00,866,1,0,4,4,0
2018-07-03,06:08:00,867,1,0,4,4,0
2018-07-03,06:18:00,868,1,0,4,4,0
2018-07-03,06:28:00,869,1,0,4,4,0
2018-07-03,06:38:00,870,1,0,4,4,0
2018-07-03,06:48:00,871,1,0,4,4,0
2018-07-03,06:58:00,872,352,1,5,4,5
2018-07-03,07:08:00,873,690.5,0,5,4,5
2018-07-03,07:18:00,874,670,0,5,4,5
2018-07-03,07:28:00,875,661.5,0,5,4,5
2018-07-03,07:38:00,876,651.5,0,5,4,5
2018-07-03,07:48:00,877,636.5,0,5,4,5
2018-07-03,07:58:00,878,630.5,0,5,4,5
2018-07-03,08:08:00,879,623.5,0,5,4,5
2018-07-03,08:18:00,880,630,0,5,4,5
2018-07-03,08:28:00,881,655,0,5,4,5
2018-07-03,08:38:00,882,653.5,0,5,4,5
2018-07-03,08:48:00,883,632,0,5,4,5
2018-07-03,08:58:00,884,627,0,5,4,5
2018-07-03,09:08:00,885,619.5,0,5,4,5
2018-07-03,09:18:00,886,613.5,0,5,4,5
2018-07-03,09:28:00,887,613,0,5,4,5
2018-07-03,09:38:00,888,601.5,0,5,4,5
2018-07-03,09:48:00,889,613.5,0,5,4,5
2018-07-03,09:58:00,890,608.5,0,5,4,5
2018-07-03,10:08:00,891,595.5,0,5,4,5
2018-07-03,10:18:00,892,602,0,5,4,5
2018-07-03,10:28:00,893,597.5,0,5,4,5
2018-07-03,10:38:00,894,606.5,0,5,4,5
2018-07-03,10:48:00,895,628.5,0,5,4,5
2018-07-03,10:58:00,896,623,0,5,4,5
2018-07-03,11:08:00,897,602,0,5,4,5
2018-07-03,11:18:00,898,596,0,5,4,5
2018-07-03,11:28:00,899,599,0,5,4,5
2018-07-03,11:38:00,900,604,0,5,4,5
2018-07-03,11:48:00,901,610,0,5,4,5
2018-07-03,11:58:00,902,616,0,5,4,5
2018-07-03,12:08:00,903,601.5,0,5,4,5
2018-07-03,12:18:00,904,591,0,5,4,5
2018-07-03,12:28:00,905,591,0,5,4,5
2018-07-03,12:38:00,906,602.5,0,5,4,5
2018-07-03,12:48:00,907,618,0,5,4,5
2018-07-03,12:58:00,908,604.5,0,5,4,5
2018-07-03,13:08:00,909,597,0,5,4,5
2018-07-03,13:18:00,910,609,0,5,4,5
2018-07-03,13:28:00,911,308,0,5,4,5
2018-07-03,13:38:00,912,347.5,0,5,4,5
2018-07-03,13:48:00,913,686.5,0,5,4,5
2018-07-03,13:58:00,914,683.5,0,5,4,5
2018-07-03,14:08:00,915,661.5,0,5,4,5
2018-07-03,14:18:00,916,643,0,5,4,5
2018-07-03,14:28:00,917,658.5,0,5,4,5
2018-07-03,14:38:00,918,651.5,0,5,4,5
2018-07-03,14:48:00,919,626,0,5,4,5
2018-07-03,14:58:00,920,619,0,5,4,5
2018-07-03,15:08:00,921,617.5,0,5,4,5
2018-07-03,15:18:00,922,601.5,0,5,4,5
2018-07-03,15:28:00,923,581,0,5,4,5
2018-07-03,15:38:00,924,568,0,5,4,5
2018-07-03,15:48:00,925,295,0,5,4,5
2018-07-03,15:58:00,926,25,-1,5,5,0
2018-07-03,16:08:00,927,23.5,0,5,5,0
2018-07-03,16:18:00,928,22.5,0,5,5,0
2018-07-03,16:28:00,929,23,0,5,5,0
2018-07-03,16:38:00,930,24,0,5,5,0
2018-07-03,16:48:00,931,23,0,5,5,0
2018-07-03,16:58:00,932,21.5,0,5,5,0
2018-07-03,17:08:00,933,19,0,5,5,0
2018-07-03,17:18:00,934,9.5,0,5,5,0
2018-07-03,17:28:00,935,2,0,5,5,0
2018-07-03,17:38:00,936,1.5,0,5,5,0
2018-07-03,17:48:00,937,1,0,5,5,0
2018-07-03,17:58:00,938,1,0,5,5,0
2018-07-03,18:08:00,939,1,0,5,5,0
2018-07-03,18:18:00,940,3.5,0,5,5,0
2018-07-03,18:28:00,941,3.5,0,5,5,0
2018-07-03,18:38:00,942,1,0,5,5,0
2018-07-03,18:48:00,943,1,0,5,5,0
2018-07-03,18:58:00,944,1,0,5,5,0
2018-07-03,19:08:00,945,1,0,5,5,0
2018-07-03,19:18:00,946,1.5,0,5,5,0
2018-07-03,19:28:00,947,1.5,0,5,5,0
2018-07-03,19:38:00,948,1.5,0,5,5,0
2018-07-03,19:48:00,949,2,0,5,5,0
2018-07-03,19:58:00,950,1.5,0,5,5,0
2018-07-03,20:08:00,951,1,0,5,5,0
2018-07-03,20:18:00,952,1,0,5,5,0
2018-07-03,20:28:00,953,1,0,5,5,0
2018-07-03,20:38:00,954,1,0,5,5,0
2018-07-03,20:48:00,955,1,0,5,5,0
2018-07-03,20:58:00,956,1,0,5,5,0
2018-07-03,21:08:00,957,1,0,5,5,0
2018-07-03,21:18:00,958,1,0,5,5,0
2018-07-03,21:28:00,959,0.5,0,5,5,0
2018-07-03,21:38:00,960,0,0,5,5,0
2018-07-03,21:48:00,961,0,0,5,5,0
2018-07-03,21:58:00,962,0,0,5,5,0
2018-07-03,22:08:00,963,0,0,5,5,0
2018-07-03,22:18:00,964,0,0,5,5,0
2018-07-03,22:28:00,965,0,0,5,5,0
2018-07-03,22:38:00,966,0,0,5,5,0
2018-07-03,22:48:00,967,0,0,5,5,0
2018-07-03,22:58:00,968,0,0,5,5,0
2018-07-03,23:08:00,969,0,0,5,5,0
2018-07-03,23:18:00,970,0,0,5,5,0
2018-07-03,23:28:00,971,0,0,5,5,0
2018-07-03,23:38:00,972,0,0,5,5,0
2018-07-03,23:48:00,973,0,0,5,5,0
2018-07-03,23:58:00,974,0,0,5,5,0
2018-07-04,00:08:00,975,0,0,5,5,0
2018-07-04,00:18:00,976,0,0,5,5,0
2018-07-04,00:28:00,977,0,0,5,5,0
2018-07-04,00:38:00,978,0,0,5,5,0
2018-07-04,00:48:00,979,0,0,5,5,0
2018-07-04,00:58:00,980,0,0,5,5,0
2018-07-04,01:08:00,981,0,0,5,5,0
2018-07-04,01:18:00,982,0,0,5,5,0
2018-07-04,01:28:00,983,0,0,5,5,0
2018-07-04,01:38:00,984,0,0,5,5,0
2018-07-04,01:48:00,985,0,0,5,5,0
2018-07-04,01:58:00,986,0,0,5,5,0
2018-07-04,02:08:00,987,0,0,5,5,0
2018-07-04,02:18:00,988,0,0,5,5,0
2018-07-04,02:28:00,989,0,0,5,5,0
2018-07-04,02:38:00,990,0.5,0,5,5,0
2018-07-04,02:48:00,991,1,0,5,5,0
2018-07-04,02:58:00,992,1,0,5,5,0
2018-07-04,03:08:00,993,1,0,5,5,0
2018-07-04,03:18:00,994,1,0,5,5,0
2018-07-04,03:28:00,995,1,0,5,5,0
2018-07-04,03:38:00,996,1,0,5,5,0
2018-07-04,03:48:00,997,2,0,5,5,0
2018-07-04,03:58:00,998,2,0,5,5,0
2018-07-04,04:08:00,999,1,0,5,5,0
2018-07-04,04:18:00,1000,1,0,5,5,0
2018-07-04,04:28:00,1001,1,0,5,5,0
2018-07-04,04:38:00,1002,1,0,5,5,0
2018-07-04,04:48:00,1003,1,0,5,5,0
2018-07-04,04:58:00,1004,1,0,5,5,0
2018-07-04,05:08:00,1005,1,0,5,5,0
2018-07-04,05:18:00,1006,1,0,5,5,0
2018-07-04,05:28:00,1007,1,0,5,5,0
2018-07-04,05:38:00,1008,1,0,5,5,0
2018-07-04,05:48:00,1009,1,0,5,5,0
2018-07-04,05:58:00,1010,1,0,5,5,0
2018-07-04,06:08:00,1011,1,0,5,5,0
2018-07-04,06:18:00,1012,1,0,5,5,0
2018-07-04,06:28:00,1013,1,0,5,5,0
2018-07-04,06:38:00,1014,1,0,5,5,0
2018-07-04,06:48:00,1015,1,0,5,5,0
2018-07-04,06:58:00,1016,344,1,6,5,6
2018-07-04,07:08:00,1017,677.5,0,6,5,6
2018-07-04,07:18:00,1018,643.5,0,6,5,6
2018-07-04,07:28:00,1019,613,0,6,5,6
2018-07-04,07:38:00,1020,613,0,6,5,6
2018-07-04,07:48:00,1021,609,0,6,5,6
2018-07-04,07:58:00,1022,604,0,6,5,6
2018-07-04,08:08:00,1023,616,0,6,5,6
2018-07-04,08:18:00,1024,607.5,0,6,5,6
2018-07-04,08:28:00,1025,627,0,6,5,6
2018-07-04,08:38:00,1026,640,0,6,5,6
2018-07-04,08:48:00,1027,616.5,0,6,5,6
2018-07-04,08:58:00,1028,614.5,0,6,5,6
2018-07-04,09:08:00,1029,607,0,6,5,6
2018-07-04,09:18:00,1030,605,0,6,5,6
2018-07-04,09:28:00,1031,614,0,6,5,6
2018-07-04,09:38:00,1032,616.5,0,6,5,6
2018-07-04,09:48:00,1033,601.5,0,6,5,6
2018-07-04,09:58:00,1034,583,0,6,5,6
2018-07-04,10:08:00,1035,581,0,6,5,6
2018-07-04,10:18:00,1036,592.5,0,6,5,6
2018-07-04,10:28:00,1037,587,0,6,5,6
2018-07-04,10:38:00,1038,577.5,0,6,5,6
2018-07-04,10:48:00,1039,587.5,0,6,5,6
2018-07-04,10:58:00,1040,596,0,6,5,6
2018-07-04,11:08:00,1041,596,0,6,5,6
2018-07-04,11:18:00,1042,576,0,6,5,6
2018-07-04,11:28:00,1043,566.5,0,6,5,6
2018-07-04,11:38:00,1044,576.5,0,6,5,6
2018-07-04,11:48:00,1045,578,0,6,5,6
2018-07-04,11:58:00,1046,584,0,6,5,6
2018-07-04,12:08:00,1047,590.5,0,6,5,6
2018-07-04,12:18:00,1048,583.5,0,6,5,6
2018-07-04,12:28:00,1049,578,0,6,5,6
2018-07-04,12:38:00,1050,577.5,0,6,5,6
2018-07-04,12:48:00,1051,573,0,6,5,6
2018-07-04,12:58:00,1052,593.5,0,6,5,6
2018-07-04,13:08:00,1053,596.5,0,6,5,6
2018-07-04,13:18:00,1054,582.5,0,6,5,6
2018-07-04,13:28:00,1055,593,0,6,5,6
2018-07-04,13:38:00,1056,617,0,6,5,6
2018-07-04,13:48:00,1057,604,0,6,5,6
2018-07-04,13:58:00,1058,585.5,0,6,5,6
2018-07-04,14:08:00,1059,600,0,6,5,6
2018-07-04,14:18:00,1060,600.5,0,6,5,6
2018-07-04,14:28:00,1061,592,0,6,5,6
2018-07-04,14:38:00,1062,591,0,6,5,6
2018-07-04,14:48:00,1063,590.5,0,6,5,6
2018-07-04,14:58:00,1064,573,0,6,5,6
2018-07-04,15:08:00,1065,569,0,6,5,6
2018-07-04,15:18:00,1066,554.5,0,6,5,6
2018-07-04,15:28:00,1067,542.5,0,6,5,6
2018-07-04,15:38:00,1068,277.5,0,6,5,6
2018-07-04,15:48:00,1069,4,-1,6,6,0
2018-07-04,15:58:00,1070,3,0,6,6,0
2018-07-04,16:08:00,1071,2,0,6,6,0
2018-07-04,16:18:00,1072,2.5,0,6,6,0
2018-07-04,16:28:00,1073,2.5,0,6,6,0
2018-07-04,16:38:00,1074,1,0,6,6,0
2018-07-04,16:48:00,1075,0.5,0,6,6,0
2018-07-04,16:58:00,1076,1.5,0,6,6,0
2018-07-04,17:08:00,1077,2,0,6,6,0
2018-07-04,17:18:00,1078,1,0,6,6,0
2018-07-04,17:28:00,1079,1,0,6,6,0
2018-07-04,17:38:00,1080,1,0,6,6,0
2018-07-04,17:48:00,1081,1,0,6,6,0
2018-07-04,17:58:00,1082,1,0,6,6,0
2018-07-04,18:08:00,1083,1,0,6,6,0
2018-07-04,18:18:00,1084,1,0,6,6,0
2018-07-04,18:28:00,1085,1,0,6,6,0
2018-07-04,18:38:00,1086,0.5,0,6,6,0
2018-07-04,18:48:00,1087,0.5,0,6,6,0
2018-07-04,18:58:00,1088,1,0,6,6,0
2018-07-04,19:08:00,1089,1,0,6,6,0
2018-07-04,19:18:00,1090,1,0,6,6,0
2018-07-04,19:28:00,1091,1,0,6,6,0
2018-07-04,19:38:00,1092,1,0,6,6,0
2018-07-04,19:48:00,1093,1,0,6,6,0
2018-07-04,19:58:00,1094,1,0,6,6,0
2018-07-04,20:08:00,1095,0.5,0,6,6,0
2018-07-04,20:18:00,1096,0,0,6,6,0
2018-07-04,20:28:00,1097,0.5,0,6,6,0
2018-07-04,20:38:00,1098,1,0,6,6,0
2018-07-04,20:48:00,1099,1,0,6,6,0
2018-07-04,20:58:00,1100,1,0,6,6,0
2018-07-04,21:08:00,1101,1,0,6,6,0
2018-07-04,21:18:00,1102,1,0,6,6,0
2018-07-04,21:28:00,1103,1,0,6,6,0
2018-07-04,21:38:00,1104,0.5,0,6,6,0
2018-07-04,21:48:00,1105,0,0,6,6,0
2018-07-04,21:58:00,1106,0,0,6,6,0
2018-07-04,22:08:00,1107,0,0,6,6,0
2018-07-04,22:18:00,1108,0,0,6,6,0
2018-07-04,22:28:00,1109,0,0,6,6,0
2018-07-04,22:38:00,1110,0,0,6,6,0
2018-07-04,22:48:00,1111,0.5,0,6,6,0
2018-07-04,22:58:00,1112,0.5,0,6,6,0
2018-07-04,23:08:00,1113,0,0,6,6,0
2018-07-04,23:18:00,1114,0,0,6,6,0
2018-07-04,23:28:00,1115,0,0,6,6,0
2018-07-04,23:38:00,1116,0,0,6,6,0
2018-07-04,23:48:00,1117,0.5,0,6,6,0
2018-07-04,23:58:00,1118,1,0,6,6,0
2018-07-05,00:08:00,1119,1,0,6,6,0
2018-07-05,00:18:00,1120,1,0,6,6,0
2018-07-05,00:28:00,1121,1,0,6,6,0
2018-07-05,00:38:00,1122,1,0,6,6,0
2018-07-05,00:48:00,1123,1,0,6,6,0
2018-07-05,00:58:00,1124,1,0,6,6,0
2018-07-05,01:08:00,1125,1,0,6,6,0
2018-07-05,01:18:00,1126,1,0,6,6,0
2018-07-05,01:28:00,1127,1,0,6,6,0
2018-07-05,01:38:00,1128,1,0,6,6,0
2018-07-05,01:48:00,1129,1,0,6,6,0
2018-07-05,01:58:00,1130,1,0,6,6,0
2018-07-05,02:08:00,1131,1,0,6,6,0
2018-07-05,02:18:00,1132,1,0,6,6,0
2018-07-05,02:28:00,1133,1,0,6,6,0
2018-07-05,02:38:00,1134,1,0,6,6,0
2018-07-05,02:48:00,1135,1,0,6,6,0
2018-07-05,02:58:00,1136,0.5,0,6,6,0
2018-07-05,03:08:00,1137,0.5,0,6,6,0
2018-07-05,03:18:00,1138,1,0,6,6,0
2018-07-05,03:28:00,1139,1,0,6,6,0
2018-07-05,03:38:00,1140,1,0,6,6,0
2018-07-05,03:48:00,1141,2,0,6,6,0
2018-07-05,03:58:00,1142,2,0,6,6,0
2018-07-05,04:08:00,1143,1,0,6,6,0
2018-07-05,04:18:00,1144,1,0,6,6,0
2018-07-05,04:28:00,1145,1,0,6,6,0
2018-07-05,04:38:00,1146,1,0,6,6,0
2018-07-05,04:48:00,1147,1,0,6,6,0
2018-07-05,04:58:00,1148,1,0,6,6,0
2018-07-05,05:08:00,1149,1,0,6,6,0
2018-07-05,05:18:00,1150,1,0,6,6,0
2018-07-05,05:28:00,1151,1,0,6,6,0
2018-07-05,05:38:00,1152,1,0,6,6,0
2018-07-05,05:48:00,1153,1,0,6,6,0
2018-07-05,05:58:00,1154,1,0,6,6,0
2018-07-05,06:08:00,1155,1,0,6,6,0
2018-07-05,06:18:00,1156,1,0,6,6,0
2018-07-05,06:28:00,1157,1,0,6,6,0
2018-07-05,06:38:00,1158,1,0,6,6,0
2018-07-05,06:48:00,1159,1,0,6,6,0
2018-07-05,06:58:00,1160,342.5,1,7,6,7
2018-07-05,07:08:00,1161,680.5,0,7,6,7
2018-07-05,07:18:00,1162,667,0,7,6,7
2018-07-05,07:28:00,1163,656.5,0,7,6,7
2018-07-05,07:38:00,1164,651,0,7,6,7
2018-07-05,07:48:00,1165,642.5,0,7,6,7
2018-07-05,07:58:00,1166,627,0,7,6,7
2018-07-05,08:08:00,1167,630,0,7,6,7
2018-07-05,08:18:00,1168,632.5,0,7,6,7
2018-07-05,08:28:00,1169,638,0,7,6,7
2018-07-05,08:38:00,1170,631,0,7,6,7
2018-07-05,08:48:00,1171,614.5,0,7,6,7
2018-07-05,08:58:00,1172,621.5,0,7,6,7
2018-07-05,09:08:00,1173,611.5,0,7,6,7
2018-07-05,09:18:00,1174,591,0,7,6,7
2018-07-05,09:28:00,1175,598,0,7,6,7
2018-07-05,09:38:00,1176,618,0,7,6,7
2018-07-05,09:48:00,1177,611.5,0,7,6,7
2018-07-05,09:58:00,1178,603,0,7,6,7
2018-07-05,10:08:00,1179,598.5,0,7,6,7
2018-07-05,10:18:00,1180,599.5,0,7,6,7
2018-07-05,10:28:00,1181,604.5,0,7,6,7
2018-07-05,10:38:00,1182,595.5,0,7,6,7
2018-07-05,10:48:00,1183,585,0,7,6,7
2018-07-05,10:58:00,1184,588,0,7,6,7
2018-07-05,11:08:00,1185,596,0,7,6,7
2018-07-05,11:18:00,1186,576,0,7,6,7
2018-07-05,11:28:00,1187,566,0,7,6,7
2018-07-05,11:38:00,1188,577.5,0,7,6,7
2018-07-05,11:48:00,1189,594.5,0,7,6,7
2018-07-05,11:58:00,1190,622,0,7,6,7
2018-07-05,12:08:00,1191,622,0,7,6,7
2018-07-05,12:18:00,1192,604,0,7,6,7
2018-07-05,12:28:00,1193,606,0,7,6,7
2018-07-05,12:38:00,1194,606,0,7,6,7
2018-07-05,12:48:00,1195,608,0,7,6,7
2018-07-05,12:58:00,1196,615,0,7,6,7
2018-07-05,13:08:00,1197,599,0,7,6,7
2018-07-05,13:18:00,1198,606.5,0,7,6,7
2018-07-05,13:28:00,1199,312.5,0,7,6,7
2018-07-05,13:38:00,1200,335,0,7,6,7
2018-07-05,13:48:00,1201,670,0,7,6,7
2018-07-05,13:58:00,1202,664.5,0,7,6,7
2018-07-05,14:08:00,1203,653.5,0,7,6,7
2018-07-05,14:18:00,1204,649,0,7,6,7
2018-07-05,14:28:00,1205,644,0,7,6,7
2018-07-05,14:38:00,1206,634.5,0,7,6,7
2018-07-05,14:48:00,1207,640,0,7,6,7
2018-07-05,14:58:00,1208,639,0,7,6,7
2018-07-05,15:08:00,1209,625,0,7,6,7
2018-07-05,15:18:00,1210,631.5,0,7,6,7
2018-07-05,15:28:00,1211,600.5,0,7,6,7
2018-07-05,15:38:00,1212,568.5,0,7,6,7
2018-07-05,15:48:00,1213,300.5,0,7,6,7
2018-07-05,15:58:00,1214,23.5,-1,7,7,0
2018-07-05,16:08:00,1215,23.5,0,7,7,0
2018-07-05,16:18:00,1216,23,0,7,7,0
2018-07-05,16:28:00,1217,22,0,7,7,0
2018-07-05,16:38:00,1218,22,0,7,7,0
2018-07-05,16:48:00,1219,21,0,7,7,0
2018-07-05,16:58:00,1220,23,0,7,7,0
2018-07-05,17:08:00,1221,24,0,7,7,0
2018-07-05,17:18:00,1222,22.5,0,7,7,0
2018-07-05,17:28:00,1223,22,0,7,7,0
2018-07-05,17:38:00,1224,21.5,0,7,7,0
2018-07-05,17:48:00,1225,20.5,0,7,7,0
2018-07-05,17:58:00,1226,23,0,7,7,0
2018-07-05,18:08:00,1227,24,0,7,7,0
2018-07-05,18:18:00,1228,22,0,7,7,0
2018-07-05,18:28:00,1229,22,0,7,7,0
2018-07-05,18:38:00,1230,21.5,0,7,7,0
2018-07-05,18:48:00,1231,20.5,0,7,7,0
2018-07-05,18:58:00,1232,21.5,0,7,7,0
2018-07-05,19:08:00,1233,23,0,7,7,0
2018-07-05,19:18:00,1234,22,0,7,7,0
2018-07-05,19:28:00,1235,22,0,7,7,0
2018-07-05,19:38:00,1236,22.5,0,7,7,0
2018-07-05,19:48:00,1237,22,0,7,7,0
2018-07-05,19:58:00,1238,22.5,0,7,7,0
2018-07-05,20:08:00,1239,20,0,7,7,0
2018-07-05,20:18:00,1240,9,0,7,7,0
2018-07-05,20:28:00,1241,1,0,7,7,0
2018-07-05,20:38:00,1242,1,0,7,7,0
2018-07-05,20:48:00,1243,1,0,7,7,0
2018-07-05,20:58:00,1244,1,0,7,7,0
2018-07-05,21:08:00,1245,0.5,0,7,7,0
2018-07-05,21:18:00,1246,0.5,0,7,7,0
2018-07-05,21:28:00,1247,0.5,0,7,7,0
2018-07-05,21:38:00,1248,0,0,7,7,0
2018-07-05,21:48:00,1249,0,0,7,7,0
2018-07-05,21:58:00,1250,0,0,7,7,0
2018-07-05,22:08:00,1251,0,0,7,7,0
2018-07-05,22:18:00,1252,0,0,7,7,0
2018-07-05,22:28:00,1253,0,0,7,7,0
2018-07-05,22:38:00,1254,0,0,7,7,0
2018-07-05,22:48:00,1255,0,0,7,7,0
2018-07-05,22:58:00,1256,0,0,7,7,0
2018-07-05,23:08:00,1257,0,0,7,7,0
2018-07-05,23:18:00,1258,0,0,7,7,0
2018-07-05,23:28:00,1259,0.5,0,7,7,0
2018-07-05,23:38:00,1260,0.5,0,7,7,0
2018-07-05,23:48:00,1261,0.5,0,7,7,0
2018-07-05,23:58:00,1262,1,0,7,7,0
2018-07-06,00:08:00,1263,1,0,7,7,0
2018-07-06,00:18:00,1264,1,0,7,7,0
2018-07-06,00:28:00,1265,1,0,7,7,0
2018-07-06,00:38:00,1266,1,0,7,7,0
2018-07-06,00:48:00,1267,1,0,7,7,0
2018-07-06,00:58:00,1268,1,0,7,7,0
2018-07-06,01:08:00,1269,1,0,7,7,0
2018-07-06,01:18:00,1270,1,0,7,7,0
2018-07-06,01:28:00,1271,1,0,7,7,0
2018-07-06,01:38:00,1272,1,0,7,7,0
2018-07-06,01:48:00,1273,1,0,7,7,0
2018-07-06,01:58:00,1274,1,0,7,7,0
2018-07-06,02:08:00,1275,1,0,7,7,0
2018-07-06,02:18:00,1276,1,0,7,7,0
2018-07-06,02:28:00,1277,1,0,7,7,0
2018-07-06,02:38:00,1278,1,0,7,7,0
2018-07-06,02:48:00,1279,1,0,7,7,0
2018-07-06,02:58:00,1280,1,0,7,7,0
2018-07-06,03:08:00,1281,1,0,7,7,0
2018-07-06,03:18:00,1282,1,0,7,7,0
2018-07-06,03:28:00,1283,1,0,7,7,0
2018-07-06,03:38:00,1284,1,0,7,7,0
2018-07-06,03:48:00,1285,1.5,0,7,7,0
2018-07-06,03:58:00,1286,1.5,0,7,7,0
2018-07-06,04:08:00,1287,1,0,7,7,0
2018-07-06,04:18:00,1288,1,0,7,7,0
2018-07-06,04:28:00,1289,1,0,7,7,0
2018-07-06,04:38:00,1290,1,0,7,7,0
2018-07-06,04:48:00,1291,1,0,7,7,0
2018-07-06,04:58:00,1292,1,0,7,7,0
2018-07-06,05:08:00,1293,1,0,7,7,0
2018-07-06,05:18:00,1294,1,0,7,7,0
2018-07-06,05:28:00,1295,1,0,7,7,0
2018-07-06,05:38:00,1296,1,0,7,7,0
2018-07-06,05:48:00,1297,1,0,7,7,0
2018-07-06,05:58:00,1298,1,0,7,7,0
2018-07-06,06:08:00,1299,1,0,7,7,0
2018-07-06,06:18:00,1300,1,0,7,7,0
2018-07-06,06:28:00,1301,1,0,7,7,0
2018-07-06,06:38:00,1302,1,0,7,7,0
2018-07-06,06:48:00,1303,1,0,7,7,0
2018-07-06,06:58:00,1304,335,1,8,7,8
2018-07-06,07:08:00,1305,674,0,8,7,8
2018-07-06,07:18:00,1306,660,0,8,7,8
2018-07-06,07:28:00,1307,649,0,8,7,8
2018-07-06,07:38:00,1308,648.5,0,8,7,8
2018-07-06,07:48:00,1309,637,0,8,7,8
2018-07-06,07:58:00,1310,632.5,0,8,7,8
2018-07-06,08:08:00,1311,623,0,8,7,8
2018-07-06,08:18:00,1312,634,0,8,7,8
2018-07-06,08:28:00,1313,631,0,8,7,8
2018-07-06,08:38:00,1314,596.5,0,8,7,8
2018-07-06,08:48:00,1315,586.5,0,8,7,8
2018-07-06,08:58:00,1316,598.5,0,8,7,8
2018-07-06,09:08:00,1317,625.5,0,8,7,8
2018-07-06,09:18:00,1318,619,0,8,7,8
2018-07-06,09:28:00,1319,606,0,8,7,8
2018-07-06,09:38:00,1320,613.5,0,8,7,8
2018-07-06,09:48:00,1321,609.5,0,8,7,8
2018-07-06,09:58:00,1322,608,0,8,7,8
2018-07-06,10:08:00,1323,590.5,0,8,7,8
2018-07-06,10:18:00,1324,579.5,0,8,7,8
2018-07-06,10:28:00,1325,596,0,8,7,8
2018-07-06,10:38:00,1326,602.5,0,8,7,8
2018-07-06,10:48:00,1327,593.5,0,8,7,8
2018-07-06,10:58:00,1328,593,0,8,7,8
2018-07-06,11:08:00,1329,582.5,0,8,7,8
2018-07-06,11:18:00,1330,579,0,8,7,8
2018-07-06,11:28:00,1331,589.5,0,8,7,8
2018-07-06,11:38:00,1332,581.5,0,8,7,8
2018-07-06,11:48:00,1333,571,0,8,7,8
2018-07-06,11:58:00,1334,580.5,0,8,7,8
2018-07-06,12:08:00,1335,597,0,8,7,8
2018-07-06,12:18:00,1336,606.5,0,8,7,8
2018-07-06,12:28:00,1337,620.5,0,8,7,8
2018-07-06,12:38:00,1338,617,0,8,7,8
2018-07-06,12:48:00,1339,616,0,8,7,8
2018-07-06,12:58:00,1340,611.5,0,8,7,8
2018-07-06,13:08:00,1341,601,0,8,7,8
2018-07-06,13:18:00,1342,608.5,0,8,7,8
2018-07-06,13:28:00,1343,306.5,0,8,7,8
2018-07-06,13:38:00,1344,325.5,0,8,7,8
2018-07-06,13:48:00,1345,651,0,8,7,8
2018-07-06,13:58:00,1346,656.5,0,8,7,8
2018-07-06,14:08:00,1347,655.5,0,8,7,8
2018-07-06,14:18:00,1348,652.5,0,8,7,8
2018-07-06,14:28:00,1349,631.5,0,8,7,8
2018-07-06,14:38:00,1350,623,0,8,7,8
2018-07-06,14:48:00,1351,631,0,8,7,8
2018-07-06,14:58:00,1352,617,0,8,7,8
2018-07-06,15:08:00,1353,618.5,0,8,7,8
2018-07-06,15:18:00,1354,609.5,0,8,7,8
2018-07-06,15:28:00,1355,583,0,8,7,8
2018-07-06,15:38:00,1356,581.5,0,8,7,8
2018-07-06,15:48:00,1357,307,0,8,7,8
2018-07-06,15:58:00,1358,25,-1,8,8,0
2018-07-06,16:08:00,1359,26.5,0,8,8,0
2018-07-06,16:18:00,1360,24.5,0,8,8,0
2018-07-06,16:28:00,1361,22,0,8,8,0
2018-07-06,16:38:00,1362,23,0,8,8,0
2018-07-06,16:48:00,1363,21.5,0,8,8,0
2018-07-06,16:58:00,1364,22,0,8,8,0
2018-07-06,17:08:00,1365,22,0,8,8,0
2018-07-06,17:18:00,1366,21.5,0,8,8,0
2018-07-06,17:28:00,1367,20.5,0,8,8,0
2018-07-06,17:38:00,1368,21,0,8,8,0
2018-07-06,17:48:00,1369,22.5,0,8,8,0
2018-07-06,17:58:00,1370,20.5,0,8,8,0
2018-07-06,18:08:00,1371,20,0,8,8,0
2018-07-06,18:18:00,1372,20,0,8,8,0
2018-07-06,18:28:00,1373,20.5,0,8,8,0
2018-07-06,18:38:00,1374,22,0,8,8,0
2018-07-06,18:48:00,1375,22,0,8,8,0
2018-07-06,18:58:00,1376,22,0,8,8,0
2018-07-06,19:08:00,1377,21.5,0,8,8,0
2018-07-06,19:18:00,1378,21,0,8,8,0
2018-07-06,19:28:00,1379,22,0,8,8,0
2018-07-06,19:38:00,1380,22.5,0,8,8,0
2018-07-06,19:48:00,1381,22,0,8,8,0
2018-07-06,19:58:00,1382,22,0,8,8,0
2018-07-06,20:08:00,1383,19,0,8,8,0
2018-07-06,20:18:00,1384,8.5,0,8,8,0
2018-07-06,20:28:00,1385,1.5,0,8,8,0
2018-07-06,20:38:00,1386,1.5,0,8,8,0
2018-07-06,20:48:00,1387,0.5,0,8,8,0
2018-07-06,20:58:00,1388,0.5,0,8,8,0
2018-07-06,21:08:00,1389,1,0,8,8,0
2018-07-06,21:18:00,1390,1,0,8,8,0
2018-07-06,21:28:00,1391,0.5,0,8,8,0
2018-07-06,21:38:00,1392,0,0,8,8,0
2018-07-06,21:48:00,1393,0,0,8,8,0
2018-07-06,21:58:00,1394,0,0,8,8,0
2018-07-06,22:08:00,1395,0,0,8,8,0
2018-07-06,22:18:00,1396,0,0,8,8,0
2018-07-06,22:28:00,1397,0,0,8,8,0
2018-07-06,22:38:00,1398,0,0,8,8,0
2018-07-06,22:48:00,1399,0,0,8,8,0
2018-07-06,22:58:00,1400,0,0,8,8,0
2018-07-06,23:08:00,1401,0,0,8,8,0
2018-07-06,23:18:00,1402,0,0,8,8,0
2018-07-06,23:28:00,1403,0,0,8,8,0
2018-07-06,23:38:00,1404,0,0,8,8,0
2018-07-06,23:48:00,1405,0,0,8,8,0
2018-07-06,23:58:00,1406,0,0,8,8,0
2018-07-07,00:08:00,1407,0,0,8,8,0
2018-07-07,00:18:00,1408,0,0,8,8,0
2018-07-07,00:28:00,1409,0,0,8,8,0
2018-07-07,00:38:00,1410,0,0,8,8,0
2018-07-07,00:48:00,1411,0,0,8,8,0
2018-07-07,00:58:00,1412,0,0,8,8,0
2018-07-07,01:08:00,1413,0,0,8,8,0
2018-07-07,01:18:00,1414,0,0,8,8,0
2018-07-07,01:28:00,1415,0,0,8,8,0
2018-07-07,01:38:00,1416,0.5,0,8,8,0
2018-07-07,01:48:00,1417,0.5,0,8,8,0
2018-07-07,01:58:00,1418,0,0,8,8,0
2018-07-07,02:08:00,1419,0,0,8,8,0
2018-07-07,02:18:00,1420,0,0,8,8,0
2018-07-07,02:28:00,1421,0,0,8,8,0
2018-07-07,02:38:00,1422,0,0,8,8,0
2018-07-07,02:48:00,1423,0,0,8,8,0
2018-07-07,02:58:00,1424,0,0,8,8,0
2018-07-07,03:08:00,1425,0,0,8,8,0
2018-07-07,03:18:00,1426,0,0,8,8,0
2018-07-07,03:28:00,1427,0,0,8,8,0
2018-07-07,03:38:00,1428,0,0,8,8,0
2018-07-07,03:48:00,1429,0,0,8,8,0
2018-07-07,03:58:00,1430,0,0,8,8,0
2018-07-07,04:08:00,1431,0,0,8,8,0
2018-07-07,04:18:00,1432,0,0,8,8,0
2018-07-07,04:28:00,1433,0,0,8,8,0
2018-07-07,04:38:00,1434,0,0,8,8,0
2018-07-07,04:48:00,1435,0,0,8,8,0
2018-07-07,04:58:00,1436,0,0,8,8,0
2018-07-07,05:08:00,1437,0,0,8,8,0
2018-07-07,05:18:00,1438,0,0,8,8,0
2018-07-07,05:28:00,1439,0,0,8,8,0
2018-07-07,05:38:00,1440,0,0,8,8,0
2018-07-07,05:48:00,1441,0,0,8,8,0
2018-07-07,05:58:00,1442,0,0,8,8,0
2018-07-07,06:08:00,1443,0,0,8,8,0
2018-07-07,06:18:00,1444,0,0,8,8,0
2018-07-07,06:28:00,1445,0,0,8,8,0
2018-07-07,06:38:00,1446,0,0,8,8,0
2018-07-07,06:48:00,1447,0,0,8,8,0
2018-07-07,06:58:00,1448,0,0,8,8,0
2018-07-07,07:08:00,1449,0,0,8,8,0
2018-07-07,07:18:00,1450,0,0,8,8,0
2018-07-07,07:28:00,1451,0,0,8,8,0
2018-07-07,07:38:00,1452,0,0,8,8,0
2018-07-07,07:48:00,1453,0,0,8,8,0
2018-07-07,07:58:00,1454,0,0,8,8,0
2018-07-07,08:08:00,1455,0,0,8,8,0
2018-07-07,08:18:00,1456,0,0,8,8,0
2018-07-07,08:28:00,1457,0,0,8,8,0
2018-07-07,08:38:00,1458,0,0,8,8,0
2018-07-07,08:48:00,1459,0,0,8,8,0
2018-07-07,08:58:00,1460,0,0,8,8,0
2018-07-07,09:08:00,1461,0,0,8,8,0
2018-07-07,09:18:00,1462,0,0,8,8,0
2018-07-07,09:28:00,1463,0,0,8,8,0
2018-07-07,09:38:00,1464,0,0,8,8,0
2018-07-07,09:48:00,1465,0,0,8,8,0
2018-07-07,09:58:00,1466,0,0,8,8,0
2018-07-07,10:08:00,1467,0,0,8,8,0
2018-07-07,10:18:00,1468,0,0,8,8,0
2018-07-07,10:28:00,1469,0,0,8,8,0
2018-07-07,10:38:00,1470,0,0,8,8,0
2018-07-07,10:48:00,1471,0,0,8,8,0
2018-07-07,10:58:00,1472,0,0,8,8,0
2018-07-07,11:08:00,1473,0,0,8,8,0
2018-07-07,11:18:00,1474,0,0,8,8,0
2018-07-07,11:28:00,1475,0,0,8,8,0
2018-07-07,11:38:00,1476,0,0,8,8,0
2018-07-07,11:48:00,1477,0,0,8,8,0
2018-07-07,11:58:00,1478,0,0,8,8,0
2018-07-07,12:08:00,1479,0,0,8,8,0
2018-07-07,12:18:00,1480,0,0,8,8,0
2018-07-07,12:28:00,1481,0,0,8,8,0
2018-07-07,12:38:00,1482,0,0,8,8,0
2018-07-07,12:48:00,1483,0,0,8,8,0
2018-07-07,12:58:00,1484,0,0,8,8,0
2018-07-07,13:08:00,1485,0,0,8,8,0
2018-07-07,13:18:00,1486,0,0,8,8,0
2018-07-07,13:28:00,1487,0,0,8,8,0
2018-07-07,13:38:00,1488,0,0,8,8,0
2018-07-07,13:48:00,1489,0,0,8,8,0
2018-07-07,13:58:00,1490,0,0,8,8,0
2018-07-07,14:08:00,1491,0,0,8,8,0
2018-07-07,14:18:00,1492,0,0,8,8,0
2018-07-07,14:28:00,1493,0,0,8,8,0
2018-07-07,14:38:00,1494,0,0,8,8,0
2018-07-07,14:48:00,1495,0,0,8,8,0
2018-07-07,14:58:00,1496,0,0,8,8,0
2018-07-07,15:08:00,1497,0,0,8,8,0
2018-07-07,15:18:00,1498,0,0,8,8,0
2018-07-07,15:28:00,1499,0,0,8,8,0
2018-07-07,15:38:00,1500,0,0,8,8,0
2018-07-07,15:48:00,1501,0,0,8,8,0
2018-07-07,15:58:00,1502,0,0,8,8,0
2018-07-07,16:08:00,1503,0,0,8,8,0
2018-07-07,16:18:00,1504,0,0,8,8,0
2018-07-07,16:28:00,1505,0,0,8,8,0
2018-07-07,16:38:00,1506,0,0,8,8,0
2018-07-07,16:48:00,1507,0,0,8,8,0
2018-07-07,16:58:00,1508,0,0,8,8,0
2018-07-07,17:08:00,1509,0,0,8,8,0
2018-07-07,17:18:00,1510,0,0,8,8,0
2018-07-07,17:28:00,1511,0,0,8,8,0
2018-07-07,17:38:00,1512,0,0,8,8,0
2018-07-07,17:48:00,1513,0,0,8,8,0
2018-07-07,17:58:00,1514,0,0,8,8,0
2018-07-07,18:08:00,1515,0,0,8,8,0
2018-07-07,18:18:00,1516,0,0,8,8,0
2018-07-07,18:28:00,1517,0,0,8,8,0
2018-07-07,18:38:00,1518,0,0,8,8,0
2018-07-07,18:48:00,1519,0,0,8,8,0
2018-07-07,18:58:00,1520,0,0,8,8,0
2018-07-07,19:08:00,1521,0,0,8,8,0
2018-07-07,19:18:00,1522,0,0,8,8,0
2018-07-07,19:28:00,1523,0,0,8,8,0
2018-07-07,19:38:00,1524,0,0,8,8,0
2018-07-07,19:48:00,1525,0,0,8,8,0
2018-07-07,19:58:00,1526,0,0,8,8,0
2018-07-07,20:08:00,1527,0,0,8,8,0
2018-07-07,20:18:00,1528,0,0,8,8,0
2018-07-07,20:28:00,1529,0,0,8,8,0
2018-07-07,20:38:00,1530,0,0,8,8,0
2018-07-07,20:48:00,1531,0,0,8,8,0
2018-07-07,20:58:00,1532,0,0,8,8,0
2018-07-07,21:08:00,1533,0,0,8,8,0
2018-07-07,21:18:00,1534,0,0,8,8,0
2018-07-07,21:28:00,1535,0,0,8,8,0
2018-07-07,21:38:00,1536,0,0,8,8,0
2018-07-07,21:48:00,1537,0,0,8,8,0
2018-07-07,21:58:00,1538,0,0,8,8,0
2018-07-07,22:08:00,1539,0,0,8,8,0
2018-07-07,22:18:00,1540,0,0,8,8,0
2018-07-07,22:28:00,1541,0,0,8,8,0
2018-07-07,22:38:00,1542,0,0,8,8,0
2018-07-07,22:48:00,1543,0,0,8,8,0
2018-07-07,22:58:00,1544,0,0,8,8,0
2018-07-07,23:08:00,1545,0,0,8,8,0
2018-07-07,23:18:00,1546,0,0,8,8,0
2018-07-07,23:28:00,1547,0,0,8,8,0
2018-07-07,23:38:00,1548,0,0,8,8,0
2018-07-07,23:48:00,1549,0,0,8,8,0
2018-07-07,23:58:00,1550,0,0,8,8,0
2018-07-08,00:08:00,1551,0,0,8,8,0
2018-07-08,00:18:00,1552,0,0,8,8,0
2018-07-08,00:28:00,1553,0,0,8,8,0
2018-07-08,00:38:00,1554,0,0,8,8,0
2018-07-08,00:48:00,1555,0,0,8,8,0
2018-07-08,00:58:00,1556,0,0,8,8,0
2018-07-08,01:08:00,1557,0,0,8,8,0
2018-07-08,01:18:00,1558,0,0,8,8,0
2018-07-08,01:28:00,1559,0,0,8,8,0
2018-07-08,01:38:00,1560,0,0,8,8,0
2018-07-08,01:48:00,1561,0,0,8,8,0
2018-07-08,01:58:00,1562,0,0,8,8,0
2018-07-08,02:08:00,1563,0,0,8,8,0
2018-07-08,02:18:00,1564,0,0,8,8,0
2018-07-08,02:28:00,1565,0,0,8,8,0
2018-07-08,02:38:00,1566,0,0,8,8,0
2018-07-08,02:48:00,1567,0,0,8,8,0
2018-07-08,02:58:00,1568,0,0,8,8,0
2018-07-08,03:08:00,1569,0,0,8,8,0
2018-07-08,03:18:00,1570,0,0,8,8,0
2018-07-08,03:28:00,1571,0,0,8,8,0
2018-07-08,03:38:00,1572,0,0,8,8,0
2018-07-08,03:48:00,1573,0,0,8,8,0
2018-07-08,03:58:00,1574,0,0,8,8,0
2018-07-08,04:08:00,1575,0,0,8,8,0
2018-07-08,04:18:00,1576,0,0,8,8,0
2018-07-08,04:28:00,1577,0,0,8,8,0
2018-07-08,04:38:00,1578,0,0,8,8,0
2018-07-08,04:48:00,1579,0,0,8,8,0
2018-07-08,04:58:00,1580,0,0,8,8,0
2018-07-08,05:08:00,1581,0,0,8,8,0
2018-07-08,05:18:00,1582,0,0,8,8,0
2018-07-08,05:28:00,1583,0,0,8,8,0
2018-07-08,05:38:00,1584,0,0,8,8,0
2018-07-08,05:48:00,1585,0,0,8,8,0
2018-07-08,05:58:00,1586,0,0,8,8,0
2018-07-08,06:08:00,1587,0,0,8,8,0
2018-07-08,06:18:00,1588,0,0,8,8,0
2018-07-08,06:28:00,1589,0,0,8,8,0
2018-07-08,06:38:00,1590,0,0,8,8,0
2018-07-08,06:48:00,1591,0,0,8,8,0
2018-07-08,06:58:00,1592,0,0,8,8,0
2018-07-08,07:08:00,1593,0,0,8,8,0
2018-07-08,07:18:00,1594,0,0,8,8,0
2018-07-08,07:28:00,1595,0,0,8,8,0
2018-07-08,07:38:00,1596,0,0,8,8,0
2018-07-08,07:48:00,1597,0,0,8,8,0
2018-07-08,07:58:00,1598,0,0,8,8,0
2018-07-08,08:08:00,1599,0,0,8,8,0
2018-07-08,08:18:00,1600,0,0,8,8,0
2018-07-08,08:28:00,1601,0,0,8,8,0
2018-07-08,08:38:00,1602,0,0,8,8,0
2018-07-08,08:48:00,1603,0,0,8,8,0
2018-07-08,08:58:00,1604,0,0,8,8,0
2018-07-08,09:08:00,1605,0,0,8,8,0
2018-07-08,09:18:00,1606,0,0,8,8,0
2018-07-08,09:28:00,1607,0,0,8,8,0
2018-07-08,09:38:00,1608,0,0,8,8,0
2018-07-08,09:48:00,1609,0,0,8,8,0
2018-07-08,09:58:00,1610,0,0,8,8,0
2018-07-08,10:08:00,1611,0,0,8,8,0
2018-07-08,10:18:00,1612,0,0,8,8,0
2018-07-08,10:28:00,1613,0,0,8,8,0
2018-07-08,10:38:00,1614,0,0,8,8,0
2018-07-08,10:48:00,1615,0,0,8,8,0
2018-07-08,10:58:00,1616,0,0,8,8,0
2018-07-08,11:08:00,1617,0,0,8,8,0
2018-07-08,11:18:00,1618,0,0,8,8,0
2018-07-08,11:28:00,1619,0,0,8,8,0
2018-07-08,11:38:00,1620,0,0,8,8,0
2018-07-08,11:48:00,1621,0,0,8,8,0
2018-07-08,11:58:00,1622,0,0,8,8,0
2018-07-08,12:08:00,1623,0,0,8,8,0
2018-07-08,12:18:00,1624,0,0,8,8,0
2018-07-08,12:28:00,1625,0,0,8,8,0
2018-07-08,12:38:00,1626,0,0,8,8,0
2018-07-08,12:48:00,1627,0,0,8,8,0
2018-07-08,12:58:00,1628,0,0,8,8,0
2018-07-08,13:08:00,1629,0,0,8,8,0
2018-07-08,13:18:00,1630,0,0,8,8,0
2018-07-08,13:28:00,1631,0,0,8,8,0
2018-07-08,13:38:00,1632,0,0,8,8,0
2018-07-08,13:48:00,1633,0,0,8,8,0
2018-07-08,13:58:00,1634,0,0,8,8,0
2018-07-08,14:08:00,1635,0,0,8,8,0
2018-07-08,14:18:00,1636,0,0,8,8,0
2018-07-08,14:28:00,1637,0,0,8,8,0
2018-07-08,14:38:00,1638,0,0,8,8,0
2018-07-08,14:48:00,1639,0,0,8,8,0
2018-07-08,14:58:00,1640,0,0,8,8,0
2018-07-08,15:08:00,1641,0,0,8,8,0
2018-07-08,15:18:00,1642,0,0,8,8,0
2018-07-08,15:28:00,1643,0,0,8,8,0
2018-07-08,15:38:00,1644,0,0,8,8,0
2018-07-08,15:48:00,1645,0,0,8,8,0
2018-07-08,15:58:00,1646,0,0,8,8,0
2018-07-08,16:08:00,1647,0,0,8,8,0
2018-07-08,16:18:00,1648,0,0,8,8,0
2018-07-08,16:28:00,1649,0,0,8,8,0
2018-07-08,16:38:00,1650,0,0,8,8,0
2018-07-08,16:48:00,1651,0,0,8,8,0
2018-07-08,16:58:00,1652,0,0,8,8,0
2018-07-08,17:08:00,1653,0,0,8,8,0
2018-07-08,17:18:00,1654,0,0,8,8,0
2018-07-08,17:28:00,1655,0,0,8,8,0
2018-07-08,17:38:00,1656,0,0,8,8,0
2018-07-08,17:48:00,1657,0,0,8,8,0
2018-07-08,17:58:00,1658,0,0,8,8,0
2018-07-08,18:08:00,1659,0,0,8,8,0
2018-07-08,18:18:00,1660,0,0,8,8,0
2018-07-08,18:28:00,1661,0,0,8,8,0
2018-07-08,18:38:00,1662,0,0,8,8,0
2018-07-08,18:48:00,1663,0,0,8,8,0
2018-07-08,18:58:00,1664,0,0,8,8,0
2018-07-08,19:08:00,1665,0,0,8,8,0
2018-07-08,19:18:00,1666,0,0,8,8,0
2018-07-08,19:28:00,1667,0,0,8,8,0
2018-07-08,19:38:00,1668,0,0,8,8,0
2018-07-08,19:48:00,1669,0,0,8,8,0
2018-07-08,19:58:00,1670,0,0,8,8,0
2018-07-08,20:08:00,1671,0,0,8,8,0
2018-07-08,20:18:00,1672,0,0,8,8,0
2018-07-08,20:28:00,1673,0,0,8,8,0
2018-07-08,20:38:00,1674,0,0,8,8,0
2018-07-08,20:48:00,1675,0,0,8,8,0
2018-07-08,20:58:00,1676,0,0,8,8,0
2018-07-08,21:08:00,1677,0,0,8,8,0
2018-07-08,21:18:00,1678,0,0,8,8,0
2018-07-08,21:28:00,1679,0,0,8,8,0
2018-07-08,21:38:00,1680,0,0,8,8,0
2018-07-08,21:48:00,1681,0,0,8,8,0
2018-07-08,21:58:00,1682,0,0,8,8,0
2018-07-08,22:08:00,1683,0,0,8,8,0
2018-07-08,22:18:00,1684,0,0,8,8,0
2018-07-08,22:28:00,1685,0,0,8,8,0
2018-07-08,22:38:00,1686,0.5,0,8,8,0
2018-07-08,22:48:00,1687,1,0,8,8,0
2018-07-08,22:58:00,1688,1,0,8,8,0
2018-07-08,23:08:00,1689,1,0,8,8,0
2018-07-08,23:18:00,1690,1,0,8,8,0
2018-07-08,23:28:00,1691,1,0,8,8,0
2018-07-08,23:38:00,1692,1,0,8,8,0
2018-07-08,23:48:00,1693,1,0,8,8,0
2018-07-08,23:58:00,1694,1,0,8,8,0
2018-07-09,00:08:00,1695,1,0,8,8,0
2018-07-09,00:18:00,1696,1,0,8,8,0
2018-07-09,00:28:00,1697,1,0,8,8,0
2018-07-09,00:38:00,1698,1,0,8,8,0
2018-07-09,00:48:00,1699,1,0,8,8,0
2018-07-09,00:58:00,1700,1,0,8,8,0
2018-07-09,01:08:00,1701,1,0,8,8,0
2018-07-09,01:18:00,1702,1,0,8,8,0
2018-07-09,01:28:00,1703,1,0,8,8,0
2018-07-09,01:38:00,1704,1,0,8,8,0
2018-07-09,01:48:00,1705,1,0,8,8,0
2018-07-09,01:58:00,1706,1,0,8,8,0
2018-07-09,02:08:00,1707,1,0,8,8,0
2018-07-09,02:18:00,1708,1,0,8,8,0
2018-07-09,02:28:00,1709,1,0,8,8,0
2018-07-09,02:38:00,1710,1,0,8,8,0
2018-07-09,02:48:00,1711,1,0,8,8,0
2018-07-09,02:58:00,1712,1,0,8,8,0
2018-07-09,03:08:00,1713,1,0,8,8,0
2018-07-09,03:18:00,1714,1,0,8,8,0
2018-07-09,03:28:00,1715,0.5,0,8,8,0
2018-07-09,03:38:00,1716,0.5,0,8,8,0
2018-07-09,03:48:00,1717,2,0,8,8,0
2018-07-09,03:58:00,1718,2,0,8,8,0
2018-07-09,04:08:00,1719,1,0,8,8,0
2018-07-09,04:18:00,1720,1,0,8,8,0
2018-07-09,04:28:00,1721,1,0,8,8,0
2018-07-09,04:38:00,1722,1,0,8,8,0
2018-07-09,04:48:00,1723,1,0,8,8,0
2018-07-09,04:58:00,1724,1,0,8,8,0
2018-07-09,05:08:00,1725,1,0,8,8,0
2018-07-09,05:18:00,1726,1,0,8,8,0
2018-07-09,05:28:00,1727,1,0,8,8,0
2018-07-09,05:38:00,1728,1,0,8,8,0
2018-07-09,05:48:00,1729,1,0,8,8,0
2018-07-09,05:58:00,1730,1,0,8,8,0
2018-07-09,06:08:00,1731,1,0,8,8,0
2018-07-09,06:18:00,1732,1,0,8,8,0
2018-07-09,06:28:00,1733,1,0,8,8,0
2018-07-09,06:38:00,1734,1,0,8,8,0
2018-07-09,06:48:00,1735,1,0,8,8,0
2018-07-09,06:58:00,1736,349.5,1,9,8,9
2018-07-09,07:08:00,1737,679,0,9,8,9
2018-07-09,07:18:00,1738,653,0,9,8,9
2018-07-09,07:28:00,1739,641.5,0,9,8,9
2018-07-09,07:38:00,1740,638,0,9,8,9
2018-07-09,07:48:00,1741,634,0,9,8,9
2018-07-09,07:58:00,1742,628.5,0,9,8,9
2018-07-09,08:08:00,1743,624,0,9,8,9
2018-07-09,08:18:00,1744,625,0,9,8,9
2018-07-09,08:28:00,1745,608.5,0,9,8,9
2018-07-09,08:38:00,1746,609,0,9,8,9
2018-07-09,08:48:00,1747,616.5,0,9,8,9
2018-07-09,08:58:00,1748,600,0,9,8,9
2018-07-09,09:08:00,1749,609.5,0,9,8,9
2018-07-09,09:18:00,1750,605,0,9,8,9
2018-07-09,09:28:00,1751,591,0,9,8,9
2018-07-09,09:38:00,1752,593,0,9,8,9
2018-07-09,09:48:00,1753,592,0,9,8,9
2018-07-09,09:58:00,1754,584,0,9,8,9
2018-07-09,10:08:00,1755,577,0,9,8,9
2018-07-09,10:18:00,1756,582.5,0,9,8,9
2018-07-09,10:28:00,1757,605,0,9,8,9
2018-07-09,10:38:00,1758,598,0,9,8,9
2018-07-09,10:48:00,1759,585,0,9,8,9
2018-07-09,10:58:00,1760,586,0,9,8,9
2018-07-09,11:08:00,1761,575,0,9,8,9
2018-07-09,11:18:00,1762,581,0,9,8,9
2018-07-09,11:28:00,1763,590,0,9,8,9
2018-07-09,11:38:00,1764,582,0,9,8,9
2018-07-09,11:48:00,1765,576.5,0,9,8,9
2018-07-09,11:58:00,1766,584,0,9,8,9
2018-07-09,12:08:00,1767,567,0,9,8,9
2018-07-09,12:18:00,1768,561,0,9,8,9
2018-07-09,12:28:00,1769,582,0,9,8,9
2018-07-09,12:38:00,1770,581,0,9,8,9
2018-07-09,12:48:00,1771,583.5,0,9,8,9
2018-07-09,12:58:00,1772,600.5,0,9,8,9
2018-07-09,13:08:00,1773,596.5,0,9,8,9
2018-07-09,13:18:00,1774,589,0,9,8,9
2018-07-09,13:28:00,1775,297,0,9,8,9
2018-07-09,13:38:00,1776,327.5,0,9,8,9
2018-07-09,13:48:00,1777,649.5,0,9,8,9
2018-07-09,13:58:00,1778,645.5,0,9,8,9
2018-07-09,14:08:00,1779,653.5,0,9,8,9
2018-07-09,14:18:00,1780,650.5,0,9,8,9
2018-07-09,14:28:00,1781,630,0,9,8,9
2018-07-09,14:38:00,1782,627,0,9,8,9
2018-07-09,14:48:00,1783,630.5,0,9,8,9
2018-07-09,14:58:00,1784,618.5,0,9,8,9
2018-07-09,15:08:00,1785,599.5,0,9,8,9
2018-07-09,15:18:00,1786,594.5,0,9,8,9
2018-07-09,15:28:00,1787,585.5,0,9,8,9
2018-07-09,15:38:00,1788,572.5,0,9,8,9
2018-07-09,15:48:00,1789,298,0,9,8,9
2018-07-09,15:58:00,1790,23,-1,9,9,0
2018-07-09,16:08:00,1791,24,0,9,9,0
2018-07-09,16:18:00,1792,23,0,9,9,0
2018-07-09,16:28:00,1793,21,0,9,9,0
2018-07-09,16:38:00,1794,21.5,0,9,9,0
2018-07-09,16:48:00,1795,22,0,9,9,0
2018-07-09,16:58:00,1796,22.5,0,9,9,0
2018-07-09,17:08:00,1797,22.5,0,9,9,0
2018-07-09,17:18:00,1798,22.5,0,9,9,0
2018-07-09,17:28:00,1799,23.5,0,9,9,0
2018-07-09,17:38:00,1800,23,0,9,9,0
2018-07-09,17:48:00,1801,21.5,0,9,9,0
2018-07-09,17:58:00,1802,21.5,0,9,9,0
2018-07-09,18:08:00,1803,22,0,9,9,0
2018-07-09,18:18:00,1804,22.5,0,9,9,0
2018-07-09,18:28:00,1805,22.5,0,9,9,0
2018-07-09,18:38:00,1806,21.5,0,9,9,0
2018-07-09,18:48:00,1807,19.5,0,9,9,0
2018-07-09,18:58:00,1808,19.5,0,9,9,0
2018-07-09,19:08:00,1809,21,0,9,9,0
2018-07-09,19:18:00,1810,21.5,0,9,9,0
2018-07-09,19:28:00,1811,22.5,0,9,9,0
2018-07-09,19:38:00,1812,23,0,9,9,0
2018-07-09,19:48:00,1813,23,0,9,9,0
2018-07-09,19:58:00,1814,21.5,0,9,9,0
2018-07-09,20:08:00,1815,18.5,0,9,9,0
2018-07-09,20:18:00,1816,9,0,9,9,0
2018-07-09,20:28:00,1817,1,0,9,9,0
2018-07-09,20:38:00,1818,1,0,9,9,0
2018-07-09,20:48:00,1819,1,0,9,9,0
2018-07-09,20:58:00,1820,1,0,9,9,0
2018-07-09,21:08:00,1821,1,0,9,9,0
2018-07-09,21:18:00,1822,1,0,9,9,0
2018-07-09,21:28:00,1823,0.5,0,9,9,0
2018-07-09,21:38:00,1824,0,0,9,9,0
2018-07-09,21:48:00,1825,0,0,9,9,0
2018-07-09,21:58:00,1826,0,0,9,9,0
2018-07-09,22:08:00,1827,0,0,9,9,0
2018-07-09,22:18:00,1828,0,0,9,9,0
2018-07-09,22:28:00,1829,0,0,9,9,0
2018-07-09,22:38:00,1830,0,0,9,9,0
2018-07-09,22:48:00,1831,0.5,0,9,9,0
2018-07-09,22:58:00,1832,0.5,0,9,9,0
2018-07-09,23:08:00,1833,0,0,9,9,0
2018-07-09,23:18:00,1834,0,0,9,9,0
2018-07-09,23:28:00,1835,0,0,9,9,0
2018-07-09,23:38:00,1836,0,0,9,9,0
2018-07-09,23:48:00,1837,0.5,0,9,9,0
2018-07-09,23:58:00,1838,1,0,9,9,0
2018-07-10,00:08:00,1839,1,0,9,9,0
2018-07-10,00:18:00,1840,1,0,9,9,0
2018-07-10,00:28:00,1841,1,0,9,9,0
2018-07-10,00:38:00,1842,1,0,9,9,0
2018-07-10,00:48:00,1843,1,0,9,9,0
2018-07-10,00:58:00,1844,1,0,9,9,0
2018-07-10,01:08:00,1845,1,0,9,9,0
2018-07-10,01:18:00,1846,1,0,9,9,0
2018-07-10,01:28:00,1847,1,0,9,9,0
2018-07-10,01:38:00,1848,1,0,9,9,0
2018-07-10,01:48:00,1849,1,0,9,9,0
2018-07-10,01:58:00,1850,1,0,9,9,0
2018-07-10,02:08:00,1851,1,0,9,9,0
2018-07-10,02:18:00,1852,1,0,9,9,0
2018-07-10,02:28:00,1853,1,0,9,9,0
2018-07-10,02:38:00,1854,1,0,9,9,0
2018-07-10,02:48:00,1855,1,0,9,9,0
2018-07-10,02:58:00,1856,1,0,9,9,0
2018-07-10,03:08:00,1857,1,0,9,9,0
2018-07-10,03:18:00,1858,1,0,9,9,0
2018-07-10,03:28:00,1859,1,0,9,9,0
2018-07-10,03:38:00,1860,1,0,9,9,0
2018-07-10,03:48:00,1861,2,0,9,9,0
2018-07-10,03:58:00,1862,2,0,9,9,0
2018-07-10,04:08:00,1863,1,0,9,9,0
2018-07-10,04:18:00,1864,1,0,9,9,0
2018-07-10,04:28:00,1865,1,0,9,9,0
2018-07-10,04:38:00,1866,1,0,9,9,0
2018-07-10,04:48:00,1867,1,0,9,9,0
2018-07-10,04:58:00,1868,1,0,9,9,0
2018-07-10,05:08:00,1869,1,0,9,9,0
2018-07-10,05:18:00,1870,0.5,0,9,9,0
2018-07-10,05:28:00,1871,0.5,0,9,9,0
2018-07-10,05:38:00,1872,1,0,9,9,0
2018-07-10,05:48:00,1873,1,0,9,9,0
2018-07-10,05:58:00,1874,1,0,9,9,0
2018-07-10,06:08:00,1875,1,0,9,9,0
2018-07-10,06:18:00,1876,1,0,9,9,0
2018-07-10,06:28:00,1877,1,0,9,9,0
2018-07-10,06:38:00,1878,1,0,9,9,0
2018-07-10,06:48:00,1879,1,0,9,9,0
2018-07-10,06:58:00,1880,342.5,1,10,9,10
2018-07-10,07:08:00,1881,678,0,10,9,10
2018-07-10,07:18:00,1882,650.5,0,10,9,10
2018-07-10,07:28:00,1883,628.5,0,10,9,10
2018-07-10,07:38:00,1884,623,0,10,9,10
2018-07-10,07:48:00,1885,617.5,0,10,9,10
2018-07-10,07:58:00,1886,617.5,0,10,9,10
2018-07-10,08:08:00,1887,620.5,0,10,9,10
2018-07-10,08:18:00,1888,625,0,10,9,10
2018-07-10,08:28:00,1889,620,0,10,9,10
2018-07-10,08:38:00,1890,605,0,10,9,10
2018-07-10,08:48:00,1891,592.5,0,10,9,10
2018-07-10,08:58:00,1892,597.5,0,10,9,10
2018-07-10,09:08:00,1893,604.5,0,10,9,10
2018-07-10,09:18:00,1894,599,0,10,9,10
2018-07-10,09:28:00,1895,588.5,0,10,9,10
2018-07-10,09:38:00,1896,596.5,0,10,9,10
2018-07-10,09:48:00,1897,596.5,0,10,9,10
2018-07-10,09:58:00,1898,587,0,10,9,10
2018-07-10,10:08:00,1899,599,0,10,9,10
2018-07-10,10:18:00,1900,595.5,0,10,9,10
2018-07-10,10:28:00,1901,599,0,10,9,10
2018-07-10,10:38:00,1902,598.5,0,10,9,10
2018-07-10,10:48:00,1903,596,0,10,9,10
2018-07-10,10:58:00,1904,615.5,0,10,9,10
2018-07-10,11:08:00,1905,614.5,0,10,9,10
2018-07-10,11:18:00,1906,596.5,0,10,9,10
2018-07-10,11:28:00,1907,581,0,10,9,10
2018-07-10,11:38:00,1908,582,0,10,9,10
2018-07-10,11:48:00,1909,579,0,10,9,10
2018-07-10,11:58:00,1910,584.5,0,10,9,10
2018-07-10,12:08:00,1911,588.5,0,10,9,10
2018-07-10,12:18:00,1912,604.5,0,10,9,10
2018-07-10,12:28:00,1913,611.5,0,10,9,10
2018-07-10,12:38:00,1914,603.5,0,10,9,10
2018-07-10,12:48:00,1915,592.5,0,10,9,10
2018-07-10,12:58:00,1916,579.5,0,10,9,10
2018-07-10,13:08:00,1917,596.5,0,10,9,10
2018-07-10,13:18:00,1918,602.5,0,10,9,10
2018-07-10,13:28:00,1919,302.5,0,10,9,10
2018-07-10,13:38:00,1920,321,0,10,9,10
2018-07-10,13:48:00,1921,633,0,10,9,10
2018-07-10,13:58:00,1922,630.5,0,10,9,10
2018-07-10,14:08:00,1923,643.5,0,10,9,10
2018-07-10,14:18:00,1924,630.5,0,10,9,10
2018-07-10,14:28:00,1925,624.5,0,10,9,10
2018-07-10,14:38:00,1926,631,0,10,9,10
2018-07-10,14:48:00,1927,612.5,0,10,9,10
2018-07-10,14:58:00,1928,612,0,10,9,10
2018-07-10,15:08:00,1929,607.5,0,10,9,10
2018-07-10,15:18:00,1930,583.5,0,10,9,10
2018-07-10,15:28:00,1931,570,0,10,9,10
2018-07-10,15:38:00,1932,563,0,10,9,10
2018-07-10,15:48:00,1933,292.5,0,10,9,10
2018-07-10,15:58:00,1934,25,-1,10,10,0
2018-07-10,16:08:00,1935,23.5,0,10,10,0
2018-07-10,16:18:00,1936,22.5,0,10,10,0
2018-07-10,16:28:00,1937,22,0,10,10,0
2018-07-10,16:38:00,1938,21.5,0,10,10,0
2018-07-10,16:48:00,1939,22.5,0,10,10,0
2018-07-10,16:58:00,1940,21.5,0,10,10,0
2018-07-10,17:08:00,1941,20,0,10,10,0
2018-07-10,17:18:00,1942,20,0,10,10,0
2018-07-10,17:28:00,1943,20.5,0,10,10,0
2018-07-10,17:38:00,1944,22,0,10,10,0
2018-07-10,17:48:00,1945,22.5,0,10,10,0
2018-07-10,17:58:00,1946,22.5,0,10,10,0
2018-07-10,18:08:00,1947,21.5,0,10,10,0
2018-07-10,18:18:00,1948,20.5,0,10,10,0
2018-07-10,18:28:00,1949,21,0,10,10,0
2018-07-10,18:38:00,1950,21,0,10,10,0
2018-07-10,18:48:00,1951,20,0,10,10,0
2018-07-10,18:58:00,1952,21.5,0,10,10,0
2018-07-10,19:08:00,1953,22,0,10,10,0
2018-07-10,19:18:00,1954,21.5,0,10,10,0
2018-07-10,19:28:00,1955,21,0,10,10,0
2018-07-10,19:38:00,1956,20.5,0,10,10,0
2018-07-10,19:48:00,1957,20.5,0,10,10,0
2018-07-10,19:58:00,1958,21,0,10,10,0
2018-07-10,20:08:00,1959,19,0,10,10,0
2018-07-10,20:18:00,1960,8.5,0,10,10,0
2018-07-10,20:28:00,1961,1,0,10,10,0
2018-07-10,20:38:00,1962,1,0,10,10,0
2018-07-10,20:48:00,1963,1,0,10,10,0
2018-07-10,20:58:00,1964,1,0,10,10,0
2018-07-10,21:08:00,1965,0.5,0,10,10,0
2018-07-10,21:18:00,1966,0.5,0,10,10,0
2018-07-10,21:28:00,1967,1,0,10,10,0
2018-07-10,21:38:00,1968,0.5,0,10,10,0
2018-07-10,21:48:00,1969,0,0,10,10,0
2018-07-10,21:58:00,1970,0,0,10,10,0
2018-07-10,22:08:00,1971,1.5,0,10,10,0
2018-07-10,22:18:00,1972,2,0,10,10,0
2018-07-10,22:28:00,1973,0.5,0,10,10,0
2018-07-10,22:38:00,1974,0,0,10,10,0
2018-07-10,22:48:00,1975,0,0,10,10,0
2018-07-10,22:58:00,1976,0,0,10,10,0
2018-07-10,23:08:00,1977,0,0,10,10,0
2018-07-10,23:18:00,1978,0,0,10,10,0
2018-07-10,23:28:00,1979,0,0,10,10,0
2018-07-10,23:38:00,1980,0,0,10,10,0
2018-07-10,23:48:00,1981,0.5,0,10,10,0
2018-07-10,23:58:00,1982,1,0,10,10,0
2018-07-11,00:08:00,1983,1,0,10,10,0
2018-07-11,00:18:00,1984,1,0,10,10,0
2018-07-11,00:28:00,1985,1,0,10,10,0
2018-07-11,00:38:00,1986,1,0,10,10,0
2018-07-11,00:48:00,1987,1,0,10,10,0
2018-07-11,00:58:00,1988,1,0,10,10,0
2018-07-11,01:08:00,1989,1,0,10,10,0
2018-07-11,01:18:00,1990,1,0,10,10,0
2018-07-11,01:28:00,1991,1,0,10,10,0
2018-07-11,01:38:00,1992,1,0,10,10,0
2018-07-11,01:48:00,1993,1,0,10,10,0
2018-07-11,01:58:00,1994,1,0,10,10,0
2018-07-11,02:08:00,1995,1,0,10,10,0
2018-07-11,02:18:00,1996,1,0,10,10,0
2018-07-11,02:28:00,1997,1,0,10,10,0
2018-07-11,02:38:00,1998,1,0,10,10,0
2018-07-11,02:48:00,1999,1,0,10,10,0
2018-07-11,02:58:00,2000,1,0,10,10,0
2018-07-11,03:08:00,2001,1,0,10,10,0
2018-07-11,03:18:00,2002,1,0,10,10,0
2018-07-11,03:28:00,2003,1,0,10,10,0
2018-07-11,03:38:00,2004,1,0,10,10,0
2018-07-11,03:48:00,2005,1,0,10,10,0
2018-07-11,03:58:00,2006,1,0,10,10,0
2018-07-11,04:08:00,2007,1,0,10,10,0
2018-07-11,04:18:00,2008,1,0,10,10,0
2018-07-11,04:28:00,2009,1,0,10,10,0
2018-07-11,04:38:00,2010,0.5,0,10,10,0
2018-07-11,04:48:00,2011,0.5,0,10,10,0
2018-07-11,04:58:00,2012,1,0,10,10,0
2018-07-11,05:08:00,2013,1,0,10,10,0
2018-07-11,05:18:00,2014,1,0,10,10,0
