date,V1,V2,V3,V4,V5,V6,V7
2016-07-05,-0.00261402856256541,-0.00291929484319852,-0.0027204777266502,-0.00275997211161671,-0.00317764386255941,-0.00101686830424894,-0.00374298049221691
2016-07-06,0.00201846768575266,0.00230529792801811,0.00309205299739549,0.00232832008285382,0.00243159335047037,0.00359563242007368,-0.00123662151222829
2016-07-07,-0.00193942242998334,-0.00153355816850684,-0.00155476313644376,-0.00137949769362966,-0.00220788304004525,-0.00265875099137687,-0.00104943571987979
2016-07-08,0.00264670557033151,0.00181467116245039,0.0016222494583444,0.00261707112205348,0.00252642594917992,-0.000209149637328649,0.00285583004788739
2016-07-09,0,0,0,0,0,0,0
2016-07-10,0,0,0,0,0,0,0
2016-07-11,0.00116023176017167,0.00143298088848217,0.00111297740610811,0.00120845715841771,0.00121997750697233,0.000684763142422198,0.000770518488254186
2016-07-12,0.00197579729032261,0.00217092367291338,0.00158125708042783,0.0024719669585622,0.00192293890726244,-0.000427579317511743,0.00141881133183964
2016-07-13,0.00294904725953192,0.00273427954011401,0.00191621144324458,0.00248566297859586,0.00260569160425113,0.0019681921375118,0.00243999745824061
2016-07-14,0.00140950669469358,0.00202654020992007,0.00189202683369545,0.00101953163494024,0.00194017957051477,0.000824717837887503,0.00185376252221406
2016-07-15,-0.000898077530627217,-0.00128505943355774,-0.00125803516641732,-0.000800420559879821,-0.00116301737140891,-0.000546315174683155,-0.00112016453812424
2016-07-16,0,0,0,0,0,0,0
2016-07-17,0,0,0,0,0,0,0
2016-07-18,7.30613075172256e-05,0.000709237030830043,0.00029925415914596,0.000658288906514129,0.000231695833843815,-0.000528856241593,0.000572461327773583
2016-07-19,0.00159552254630521,0.00126796668287148,0.00176018418334665,0.00118553829177084,0.00173116256533463,0.00151140295794589,0.000958498724400108
2016-07-20,0.00106519900755472,0.00114064679741099,0.00157945456518678,0.000482361666826027,0.00132745933158843,0.000910060358652844,0.00173600785619629
2016-07-21,-4.67568660522015e-05,0.000714555503964405,0.000318506092522538,0.00129053217703769,0.000490392970669106,0.000204880838606364,0.000153418426135612
2016-07-22,-0.000931571160511723,-0.00107640522018332,0.000443395350202715,-0.000819157469278066,-0.00064290059284301,5.52471549458821e-05,-0.00104165305610204
2016-07-23,0,0,0,0,0,0,0
2016-07-24,0,0,0,0,0,0,0
2016-07-25,-7.14741157301539e-05,-0.000525964465611708,-0.000361958349735221,-0.000534158601039142,-0.000485619806623012,-0.000371625234318088,-0.000419496043624004
2016-07-26,-0.00178207991564971,-0.00220211185429473,-0.00218356635752683,-0.00194837681782827,-0.00188007061380568,-0.000457195941184383,-0.00142913073249564
2016-07-27,0.000673539177770837,0.00119716697484603,0.000684265510973206,-1.26650437705453e-05,0.000901617510593164,-0.000126568609299711,0.0012703971760806
2016-07-28,0.00121138732471259,0.00250147423490858,0.0016686376341074,0.00250206016323864,0.00221087115978526,0.00202846615910899,0.00134632425455491
2016-07-29,0.000105088420249955,-0.000516272280616425,-9.16039982097881e-05,0.000413995444869902,-0.000346495983755962,-0.00060855611746609,-7.55650760627293e-05
2016-07-30,0,0,0,0,0,0,0
2016-07-31,0,0,0,0,0,0,0
2016-08-01,-0.000126384931911121,-0.000431386503355652,-0.000717816057873194,-0.00147385419952566,-0.000534168805010206,0.000505510544964784,-0.00114825725585002
2016-08-02,0.00131120710971596,0.000439278737701776,0.000933651254033987,-0.00174075861513731,0.00040177941408055,0.00146466757797881,0.00012526332157942
2016-08-03,0.000431834367918405,0.000207249613371622,0.000160573475746339,0.00135886104010237,0.000549032593854126,-0.00034474813772181,0.000601475312830947
2016-08-04,0.00180087017611367,0.00245986778846013,0.00188548007213001,0.00171168792691945,0.00224609152876157,0.00101487758886045,0.00277715832238437
2016-08-05,-0.000391137125525624,-0.000146962158133405,-0.000935247648606807,-0.000445396398717749,-0.000323545625124831,0.000484949808035151,-0.000953903691249424
2016-08-06,0,0,0,0,0,0,0
2016-08-07,0,0,0,0,0,0,0
2016-08-08,0.00237865423726226,0.00266038308817966,0.00242125242708995,0.00257961069835379,0.00268265844413104,0.00189598881643099,0.00113020977572956
2016-08-09,0.000718394847616458,0.000513185211763817,0.000341481562256405,0.000859655900590937,0.000621250789033444,-0.000868734272235672,0.00136376790435428
2016-08-10,0.000618479963067998,9.00433440296478e-05,9.3893644661856e-05,0.000616338211032701,0.000346226403967863,0.000500558724144765,0.000196838509849273
2016-08-11,-0.00190467716545156,-0.00189516807522646,-0.00196451144251101,-0.000715702794897681,-0.0018849123017624,-0.00171970586168033,-0.00128713390847964
2016-08-12,0.00195883539222479,0.00116654812484507,0.00183128934619158,0.00178787555007772,0.00215119033288393,0.00164207344622643,0.00192145937609208
2016-08-13,0,0,0,0,0,0,0
2016-08-14,0,0,0,0,0,0,0
2016-08-15,-0.000493166482402219,-0.00039529292998329,-0.000272791698395729,-0.000727755854010066,-0.000321322609083929,5.87621880993917e-05,-0.000165657709401368
2016-08-16,-0.00107014861286191,-0.000787694096280219,-0.00172479778178683,-0.000917803280138592,-0.00140824619999316,-0.00136318813966832,-0.00125088734974924
2016-08-17,-0.000740235381993614,-0.00020633231073009,-1.84810952175e-05,0.000261420466476378,-0.000302094349433024,-0.000731044166528301,-3.09693434711459e-05
2016-08-18,0.00188562866915781,0.00142815824427177,0.00150652260176281,0.00018866136420291,0.00175548338973091,0.0021492001940895,0.00177140898556305
2016-08-19,0.000672996450103754,0.00063037977725556,0.000827527670322465,0.000697631152323703,0.00100650780491963,0.000864492453770908,0.000903125719369899
2016-08-20,0,0,0,0,0,0,0
2016-08-21,0,0,0,0,0,0,0
2016-08-22,0.000501361161529076,-4.99010538030198e-05,0.000394249408579483,0.000320645715264481,0.000250691196205485,0.000284952395725164,-1.23921524471504e-05
2016-08-23,0.00105629923406515,0.00124923539073583,0.00122758427134071,0.00146855952476288,0.00125064886910133,0.000240597098752396,0.000958988037865955
2016-08-24,0.00160447257872927,0.0017227870074257,0.00201770447988384,0.00140910240365394,0.00191070024313817,0.000656973529986135,0.00231694374550168
2016-08-25,0.000790778763827323,0.000855527943885815,0.000637824549721286,0.00112355576166023,0.000816569804754539,0.00102431370905591,-2.42574544193033e-05
2016-08-26,-0.00100571155515883,-0.00104913067174462,-0.000745486145298297,-0.00137411875746743,-0.00114325841262396,-0.000851154945898251,-0.00080786844466105
2016-08-27,0,0,0,0,0,0,0
2016-08-28,0,0,0,0,0,0,0
2016-08-29,-5.53796723247959e-05,-0.000211063878604817,-1.56892935637844e-05,-0.000456092576013581,-0.000203668162089414,-3.92604787189958e-05,-0.000240854911221097
2016-08-30,0.00168926953318443,0.00142277877387273,0.00188255461699363,0.00138069697238131,0.00165421178500269,0.00128776147040312,0.000793907216332359
2016-08-31,0.00182207618800795,0.00201905228315014,0.00242811708501139,0.00116615886299986,0.00217823914823954,0.00116260472931518,0.00195897235611477
2016-09-01,0.000496975784513069,0.000518400038775469,0.000105520755456038,0.000168914073488858,0.00020640406925533,-0.000342675153462644,4.8904358539441e-05
2016-09-02,-0.00111935024007822,-0.000832193668865191,-0.000811126778692622,-0.00129053600618622,-0.00130233867435811,-0.00108668239378746,-0.00109789115739746
2016-09-03,0,0,0,0,0,0,0
2016-09-04,0,0,0,0,0,0,0
2016-09-05,-0.00142943355393129,-0.00128797545163288,-0.00101790581717313,-0.00151945696509217,-0.00134824752705798,-0.00019721081594389,-0.00139080657296496
2016-09-06,0.00109717435994152,0.000614885332029218,0.00103153468466036,0.000183830078366183,0.000787957654068077,0.000838010412322637,0.00053459809241951
2016-09-07,0.00187506707385109,0.00152245546409467,0.00168070473365264,0.000122615133818296,0.00155184930946078,0.00178740139506867,0.000947171463986625
2016-09-08,0.00175080066364713,0.00253680633479323,0.00222583155661619,0.00086446174717232,0.00213848651180978,0.000765838003312577,0.00220166844791632
2016-09-09,0.00173606456851282,0.0020913837464507,0.00206773623745895,0.0010120830469631,0.00191447200687274,0.000980125216718012,0.0017149204470072
2016-09-10,0,0,0,0,0,0,0
2016-09-11,0,0,0,0,0,0,0
2016-09-12,-0.00193874552490639,-0.00191002811587253,-0.00122919420955488,-0.00017608829734749,-0.00167719846263809,-0.00112156844938678,-0.00170373686033811
2016-09-13,-0.000217111040671577,-0.00024601961808227,-0.000448992795886835,-0.000191814114730976,-0.000303558405039019,0.00047563026584736,-0.000775654164681672
2016-09-14,0.000968278679456416,0.00117543573001302,0.00145455620833246,0.00090741646789277,0.00142023411207572,0.00148427999225374,0.000704800050233344
2016-09-15,-0.000609696590929197,-0.000684146528733813,-3.90639544269871e-06,-0.000365162878737881,-0.000449139222009248,-0.000189714856767332,-0.00060770784473509
2016-09-16,0.00165935988392285,0.00119907040906282,0.00137931524625295,0.000110477117721969,0.00140285205842497,0.00186297916879789,0.000801651074097201
2016-09-17,0,0,0,0,0,0,0
2016-09-18,0,0,0,0,0,0,0
2016-09-19,-0.001476934311073,-0.00139933994781463,-0.00155189297392788,-0.00154295656592988,-0.00155726022520679,-0.000188197350637838,-0.00158963551758778
2016-09-20,-0.000658216977695828,-0.000522340007753185,-0.000882935834540177,-0.000182126730246718,-0.000655693602271815,-0.00043240856965486,-0.000546745751078121
2016-09-21,0.000869431575639889,0.000961741317240521,0.000615270164346341,0.000337150188652168,0.000709410497777269,2.91892603442551e-05,0.000540262849296319
2016-09-22,-7.19752878752488e-05,0.000157817389466184,-0.000399094008193279,-0.00066455035450873,-0.000140283110608664,-0.000213640191651047,-7.63210707735278e-05
2016-09-23,-0.000165410413695746,-0.000128889038273849,0.000100318881118885,-0.000695636349777995,-0.000202842422227594,0.000527565216048784,-0.000540564278079763
2016-09-24,0,0,0,0,0,0,0
2016-09-25,0,0,0,0,0,0,0
2016-09-26,0.00110429426716249,0.00140081349117054,0.00159516895215976,-0.00018717697190979,0.00140159195455275,0.0024684275276943,0.000936492072340604
2016-09-27,-0.00220179279131821,-0.00256534789064249,-0.00212797501541681,-0.00149006930151325,-0.00232348258459432,-0.00123072377243529,-0.0023446472640675
2016-09-28,-0.00082303787195232,-0.000638624581542991,-0.00112784711806007,-0.000608423776952591,-0.000877572760043356,-0.0012303791260849,-0.000718614044702257
2016-09-29,-0.00130266241006328,-0.000112713674692348,-0.00112639178370779,-0.000487790378505492,-0.000956751217426063,-0.000282504856007838,-0.000782487514874692
2016-09-30,0.00116439044615009,0.000770322540663391,0.000771184145328872,0.0018311215745465,0.00105774532676056,0.000473551442574092,0.00114571296429236
2016-10-01,0,0,0,0,0,0,0
2016-10-02,0,0,0,0,0,0,0
2016-10-03,0.000485599511359404,0.000381801152698911,0.000808860065610762,0.000214841942790219,0.000754024541379885,0.000492108267524483,0.000659997788512577
2016-10-04,-0.000591307037237527,-0.000968729717223935,-0.000874544107178723,-0.000486880764969632,-0.000713144181554489,-0.0007579955690317,-0.000217082451061933
2016-10-05,0.00272523948342231,0.00333295626283605,0.00323821203749958,0.00243161445112182,0.00300268206397509,0.00196737776386129,0.00131615924072108
2016-10-06,0.000971528179348563,0.000927256104041189,0.001117646244023,0.00113344589849004,0.00121276037174447,0.000287676859580839,0.00158135926846138
2016-10-07,-0.0017850118141861,-0.00179665321566113,-0.00135551210349616,-0.000979747186837753,-0.00179384887829641,-0.000843908083857577,-0.00240053309432596
2016-10-08,0,0,0,0,0,0,0
2016-10-09,0,0,0,0,0,0,0
2016-10-10,-0.00157140412310106,-0.00124139165413692,-0.00120340592523139,-0.0011101964250097,-0.00124149519189416,0.000283739491148618,-0.00133919028654872
2016-10-11,-0.000426380285911434,-0.00108312760404359,-0.000821585701699283,-1.43980679483934e-05,-0.000886811314624575,-0.00139491669507947,-0.000816047633412558
2016-10-12,0.000733190527859866,0.000531823467306789,0.000500723340162655,0.000935966245182025,0.000499378267794456,-0.000172844506283039,0.000372121009591635
2016-10-13,-0.000731184843037692,-0.000958315748226636,-0.00069862846696617,-0.00132309533929822,-0.000852980691328309,0.000616705820374148,-0.000911818554685878
2016-10-14,-0.000565988520904513,-0.000583523731614761,-0.00027426483808275,0.00027531981120077,-0.000562610465630722,-0.00102350352647322,-0.00119204828056252
2016-10-15,0,0,0,0,0,0,0
2016-10-16,0,0,0,0,0,0,0
2016-10-17,-0.000143001775983199,0.00011931977485541,0.00070135975519816,0.00073920344860563,0.000272130916053935,0.000357308392465446,7.50030502154886e-05
2016-10-18,0.000657613041363328,0.000258473045252382,0.000311654894173081,0.000790581429787032,0.00055542859724196,-0.000239651536691902,0.00036854304258814
2016-10-19,0.00121564893875415,0.00129252269684128,0.0010206529596769,0.000538352695997107,0.00108871070340253,0.000536670974969715,0.00107194714591349
2016-10-20,0.00179310866680295,0.00268041919663786,0.00267180762748363,0.00200702112239957,0.00266728822256431,0.00147118868118273,0.00214537426549137
2016-10-21,0.00170264349831702,0.00147099369042438,0.00117986536095883,0.00104245879965014,0.00128574557233549,0.000857262520947826,0.000933075323178967
2016-10-22,0,0,0,0,0,0,0
2016-10-23,0,0,0,0,0,0,0
2016-10-24,0.000915330221508096,0.00120817749018531,0.00077496833787634,0.00115041220327485,0.00112558060056299,6.62096415944663e-05,0.00122638621272814
2016-10-25,-0.000329508962361033,-0.000226279285959753,-0.000418612698424319,-0.000652413822943209,-0.000470272941435694,-0.000425672484404492,-0.000563660227609423
2016-10-26,-3.29144232490076e-05,-0.000812769694029455,-0.00029299028357026,-0.000278359680719874,-0.000820771480992188,-0.00184158628885981,-0.00073080900654916
2016-10-27,0.00134617932963202,0.00140446313332116,0.000899099712036501,0.000623626312521779,0.00121984445468701,0.000717792699952155,0.000980083270288491
2016-10-28,-1.57710028756497e-05,-7.03585707478505e-05,-0.000140835449006949,-0.00125940426879768,-0.0001830333432752,0.000416705155007427,5.99912739435728e-05
2016-10-29,0,0,0,0,0,0,0
2016-10-30,0,0,0,0,0,0,0
2016-10-31,0.00132592545056522,0.0014584020670588,0.00145148836159017,-1.73837286743979e-06,0.00136132999297786,0.00153786501131468,0.00153398941491268
2016-11-01,-0.000307066791482814,-7.86601801243499e-05,-0.000105085123507111,3.79586244451497e-05,-6.51786920582334e-05,-0.000219880151635655,7.46825501667177e-05
2016-11-02,-8.19138721310216e-05,-0.000318754730480304,0.000221896725936599,-0.00110215522555593,-0.000230092319561049,0.000194632467028466,2.45087554942198e-05
2016-11-03,0.00184892698683635,0.00159470977497113,0.00203798511912989,0.00183462816333067,0.00173745244247325,-0.000356205135420478,0.00205342260809636
2016-11-04,0.00111118156281854,0.000794006082942056,4.17260977600212e-05,0.0010971486743435,0.0008721348185943,0.00121597226692038,0.000369805274134773
2016-11-05,0,0,0,0,0,0,0
2016-11-06,0,0,0,0,0,0,0
2016-11-07,-0.00197634254962488,-0.00275797644913584,-0.00241411926089669,-0.00224590161767667,-0.0028174196599907,-0.00247982641875161,-0.00243784762866257
2016-11-08,-0.000296587675109257,-0.00171778153327594,-0.00121947290889706,-0.00105221741000646,-0.00154008745615572,-0.00211996273308856,-0.00167664686673415
2016-11-09,0.00291794006937286,0.00363542587868727,0.00254076489527364,0.00384120292546555,0.0038241086103271,0.00194526575758059,0.00367275930474014
2016-11-10,0.00533369205125513,0.00528426042747752,0.00535581731049794,0.00350076694211115,0.00571026064739388,0.00418502864226155,0.00459992707754473
2016-11-11,0.00184376592124893,0.00248576396940546,0.00144868006280388,0.00225581459892321,0.00212901759872352,0.00152994311582062,0.00189159592030937
2016-11-12,0,0,0,0,0,0,0
2016-11-13,0,0,0,0,0,0,0
2016-11-14,0.00321574442219555,0.00418948103614021,0.00272794437633919,0.00299931245400076,0.00366266719614578,0.00170320415952371,0.00315830028723027
2016-11-15,-0.000399717911467934,-0.000766371998194299,-0.000895419798571637,-0.000262815157304067,-0.000819438060613743,-0.000228069417165813,-0.00122590071557265
2016-11-16,-0.000929336423563486,-0.0011417076769999,-0.000469961989324336,-0.00232584439376795,-0.00100878018596658,0.000287543904588389,-0.000726852466614244
2016-11-17,-0.00118056361430637,-0.00217118501651245,-0.0019052138118558,-0.00221565072540166,-0.00215482312093418,-0.00139555355274724,-0.0017924195548356
2016-11-18,0.000570714560687019,-0.000450247898158965,-0.000399990069265638,-0.000588920019366551,-0.000194662270264089,0.000183626111168482,-0.000224662430552678
2016-11-19,0,0,0,0,0,0,0
2016-11-20,0,0,0,0,0,0,0
2016-11-21,0.00012032085276435,-0.000325198635401972,-1.85670189279934e-05,0.000151076241754628,-0.000213931083520567,-0.00032717473322662,-0.000782259968983614
2016-11-22,-0.00137565269011335,-0.0014651785950917,-0.000264607517827861,-0.000965932732958153,-0.00160514744467268,-0.00192233386382461,-0.00206614987200562
2016-11-23,-0.00127087797675142,-0.00094191722828762,-0.00125942116628157,-0.000809843404477713,-0.00115788567660727,-0.000274459184982731,-0.00109359020901204
2016-11-24,0.00084747774193292,0.000763121003185348,0.0010701622856471,0.000560307205425522,0.00096533806239116,0.00129745360320361,0.000516848339504526
2016-11-25,-0.000291583972384252,-0.000684180600991486,-0.000394749961129055,-0.000393767984281237,-0.00050837917194835,0.000184492497633583,-0.000867699729061429
2016-11-26,0,0,0,0,0,0,0
2016-11-27,0,0,0,0,0,0,0
2016-11-28,-0.00072158621942464,-0.000980503699908625,-0.000774092451451339,-0.00120246747635957,-0.000914931249593995,-0.000162148285005098,-0.000835740159040443
2016-11-29,0.000491322987317169,0.000523620359023723,0.00018766325127378,0.000672389599988975,0.000259228068786978,-0.000295166846788493,0.000147212462763886
2016-11-30,0.000387963206058457,0.00023819622248391,-0.000287012682804582,0.000950703039007608,0.000348116103474245,0.000151022592615477,4.17829215026218e-05
2016-12-01,0.000884849730970457,0.00175286249239155,0.00103640125857469,0.000461328303988512,0.00120199733355623,0.000279858811166532,0.00154352346193944
2016-12-02,-0.00112750464366534,-0.00151121432186379,-0.000996751599991292,-0.000899215806348553,-0.00125924931743458,-0.000316088889534599,-0.00119407996515604
2016-12-03,0,0,0,0,0,0,0
2016-12-04,0,0,0,0,0,0,0
2016-12-05,0.00158687605615048,0.00176565393236712,0.00151092133490328,0.00153250775127596,0.00178065529008191,0.00100305027136752,0.00134789259907671
2016-12-06,-8.54184508663172e-05,-0.000611222506786075,-0.000404159137812672,-0.000619084390973468,-0.000540738890654422,-0.00205548170198267,0.00133575127946526
2016-12-07,0.000736764142863253,-0.000425855786382788,-0.000930967988192587,-0.000557212768245603,-0.000236869334346602,-0.000303012423539438,-0.000361125026634105
2016-12-08,0.0011149748751683,-0.00013559898733103,-0.000684391029962178,9.30815316812131e-06,-7.73500410429482e-05,-0.000925693453919794,0.000504209243323306
2016-12-09,-0.000236067287799431,-0.000283576831054109,-0.000492535077938186,0.000455766876388369,-0.000349186938416701,0.000258653764701097,-0.000752421686218749
2016-12-10,0,0,0,0,0,0,0
2016-12-11,0,0,0,0,0,0,0
2016-12-12,0.000217660160426649,0.000138946121447869,0.00049822968610987,0.000136413620321849,0.000365866746824942,0.000157058057061616,0.000363359151317846
2016-12-13,-0.00381897212320922,-0.00383114902735899,-0.00352971265043661,-0.00190375775972108,-0.00381254810320913,-0.00339389533979733,-0.00264499013118632
2016-12-14,0.00042261700645198,0.000251000222680697,-0.000154348763905055,0.000403294651099127,1.88626028875435e-05,0.000588554115604867,-0.000833950207831367
2016-12-15,0.00301020640188209,0.00327757647574694,0.00300806757181378,0.00185031415361132,0.00309016562490623,0.00122963303618764,0.00314490105233993
2016-12-16,4.96709557207288e-05,0.000258310590225485,0.000249244856475562,-0.000897920382527635,0.000193308817913637,0.000525044781815105,0.000297293960039317
2016-12-17,0,0,0,0,0,0,0
2016-12-18,0,0,0,0,0,0,0
2016-12-19,0.000453890883222953,-9.29978764083965e-05,-0.000503167814936352,0.000276747872215065,6.40236712054944e-05,0.000355850211524921,0.000732054499714268
2016-12-20,0.000953404128694335,0.00150917764803328,0.00102058862961428,0.00103239262592855,0.00119566866536465,0.000562031087472337,0.000711091982048307
2016-12-21,-0.00153346687629829,-0.00148974931949418,-0.000968290321992761,-0.00179759965141795,-0.00164763722599289,-0.000609347268514181,-0.00170923317913259
2016-12-22,-0.000427443664584385,-0.000713232697770596,-0.000627313498172303,0.0005146055558977,-0.000482935892813049,-0.000791823926572798,-0.000874305009020886
2016-12-23,0.000753291048119518,0.000514619838620658,0.00043922552296073,0.00115093731182113,0.000858995662507395,0.000854846301710951,0.000405382601653588
2016-12-24,0,0,0,0,0,0,0
2016-12-25,0,0,0,0,0,0,0
2016-12-26,0,0,0,0,0,0,0
2016-12-27,0.000134783124793895,0.000250591631125842,4.82428695238657e-05,-0.000130567350066457,0.000161739302526604,0.000332099093543513,0.000173547143712362
2016-12-28,-5.3870905953071e-05,-0.000668375400843716,-0.000533661513061435,-0.00106790610007704,-0.000651535204871903,-8.05842734117421e-05,-0.000805715186922779
2016-12-29,-0.000371468390120237,-0.000410728855853944,-0.000283489342011957,-0.000452545695261917,-0.000369651911586912,0.000181393672014824,-0.000234636796212401
2016-12-30,0.000933106385582405,0.000683969549672281,0.000792044036499358,0.000879085631899208,0.000822960003401218,0.000489253052244515,0.000193595306808001
2016-12-31,0,0,0,0,0,0,0
2017-01-01,0,0,0,0,0,0,0
2017-01-02,0.000898319096141774,0.00114748665341773,0.000692488727661012,0.000687093822798589,0.00109836517709335,0.000883351979683947,0.00118308560576371
2017-01-03,0.00114139585398754,0.0015556543589503,0.0014305131475256,0.00136521039684139,0.001091015436211,-0.000662688525789929,0.000972880895539498
2017-01-04,0.000272007801643238,0.000115025700376582,-0.000125852152147411,0.000424496126672202,0.000226067973691873,0.000361149096692851,0.000254498461092506
2017-01-05,-0.00244022359484979,-0.00319592596883632,-0.00305469913316768,-0.00351470189457479,-0.00366648759290106,-0.00316045867585535,-0.0028295656380956
2017-01-06,0.000676846921823913,0.000904982155717002,0.00061656807880516,0.00116224518041191,0.00114326539030225,0.00047492400526419,0.000967849337953541
2017-01-07,0,0,0,0,0,0,0
2017-01-08,0,0,0,0,0,0,0
2017-01-09,-0.00167454309658614,-0.00123428853346507,-0.00138701416179354,-0.00201920325854636,-0.0016365230828656,-0.000654419779532723,-0.0010648953902827
2017-01-10,-0.000117742893054022,-7.21493086047452e-05,-0.000445403907026014,-0.000681874769553583,-0.000392270609935713,0.00017291520466767,-0.00090191148635043
2017-01-11,-0.00192128814236101,-0.00157153969136655,-0.00240279944624638,-0.00132798007717218,-0.00199819822592943,-0.00138243534759286,-0.00172469133422559
2017-01-12,-0.000438612449753391,-0.00115516446034886,-0.000404877453856164,-0.00061746941521168,-0.00081661563844625,-0.000668768986929014,-0.000781903732744189
2017-01-13,-0.000628606650880553,-0.000316587209080472,0.000127481971261862,-0.000619922223319598,-0.000539496495813768,-0.00115239591933383,-1.54361847533909e-05
2017-01-14,0,0,0,0,0,0,0
2017-01-15,0,0,0,0,0,0,0
2017-01-16,0.000658991551384544,0.000322357306728372,0.000124667940094314,-0.00172428217393716,0.000201947646058166,0.00113292748006517,0.000420353002028741
2017-01-17,0.000594997884268433,0.00121553181901292,0.00115615916972551,0.00154623422252991,0.00122882776092382,-3.62894519761135e-05,0.00142297397939109
2017-01-18,-0.000450939842664138,-0.000666931903663709,-0.000856614701512843,-0.000594392329598406,-0.000813850719942454,-8.85860510035816e-05,-0.000912520485872368
2017-01-19,0.0016380906079828,0.00165820791154825,0.00146394021235207,0.00187183476034274,0.00184785859780834,0.00113106465178347,0.00139712908026806
2017-01-20,0.00129226570346358,0.00135823741770446,0.00181756205517604,0.00175737956600283,0.00172005729651778,0.00109994008681959,0.00132007145780023
2017-01-21,0,0,0,0,0,0,0
2017-01-22,0,0,0,0,0,0,0
2017-01-23,-0.000550242510877325,-3.39909265666221e-05,6.93028810767396e-05,-0.000814499490619019,-0.000124267168788952,0.000847732406524866,-0.000455828232237175
2017-01-24,-0.000179610211539992,8.69689833315746e-05,-0.000122020479703923,0.00039522655693268,-1.0437345064027e-05,-0.000620107594170022,0.000328720302754975
2017-01-25,0.000470792860604442,0.000305814424043114,-0.000350714489489026,0.00153520474282145,0.000238411448367687,-0.00114916065236065,0.000437252739986144
2017-01-26,0.00193156970420475,0.00227905424737893,0.00200257356946816,0.00209391009264736,0.00223332636978595,0.00148073143922573,0.00179064192344241
2017-01-27,0.000533030526358894,0.00114370600594512,0.000526698443941724,0.000765258121918728,0.000717509698488166,0.000841930752130461,-0.000440846756925196
2017-01-28,0,0,0,0,0,0,0
2017-01-29,0,0,0,0,0,0,0
2017-01-30,0.000739999775451744,0.000190899852967189,0.000463378915098871,-0.000343022849109311,0.000424024426318495,0.000560334555051696,0.000338750768222688
2017-01-31,-0.00142365735626906,-0.00170427193942801,-0.00157956762453755,-0.0010668649224858,-0.00170422340139365,-0.00134806084423719,-0.00139361911636286
2017-02-01,0.000702659631321703,0.00038875426160072,0.00066509486182693,0.00107671527849297,0.000858602249431064,-0.000112427874201077,0.000775911586678998
2017-02-02,0.000955510207981335,0.00103175821892242,0.000631544385253972,-2.20060905090664e-05,0.000912515866642418,0.0013561556187826,0.00124172634246819
2017-02-03,-0.000589315121192457,-0.000855374464877357,-0.0014578633259614,-0.000190678825479544,-0.000960859151103432,-0.00110565401772406,-0.000652628982276088
2017-02-04,0,0,0,0,0,0,0
2017-02-05,0,0,0,0,0,0,0
2017-02-06,-0.000617538086452965,-0.000358792605816554,-0.000263149215990299,-0.000204523757836945,-0.000448372277534258,0.000151694578843593,-0.000712092168973299
2017-02-07,-0.000259130106471892,-0.00023804548957246,-0.000187300988980918,0.000275377366514546,-1.40047858664382e-05,0.00029703390830825,-5.47647775944349e-06
2017-02-08,-0.00103212502012341,-0.00122199233757442,-0.00114588528714886,-0.000513886274424367,-0.000885646621055765,-0.000548281313023358,-0.000339138783923862
2017-02-09,0.00307267693131237,0.00324167114344485,0.00207226807872119,0.00108761756804851,0.00296288489633341,0.00232887571324866,0.00291683079552594
2017-02-10,-0.000596677922789207,-0.000249970744704059,-0.000685273687312765,-0.000694312764083525,-0.000398942578902034,0.00024866889518934,-0.000387269611047947
2017-02-11,0,0,0,0,0,0,0
2017-02-12,0,0,0,0,0,0,0
2017-02-13,3.56056541450436e-05,-4.19864157876796e-05,0.000289585434438313,-0.000237523056381059,-6.82243144346807e-05,-0.000302672747856462,-5.54898033433557e-05
2017-02-14,0.00106723885892498,0.000915109358230208,0.000720648150485743,0.000606364735939143,0.000745179514355188,0.000241738868281787,0.000276875101372782
2017-02-15,0.000671193011756046,0.00024993594075715,0.000458628935336611,0.000751806635565618,0.000433061463539351,-0.000786507697503766,0.00069086350222753
2017-02-16,0.000644349852574714,7.03072338866859e-05,0.000289232875297399,-0.00052863305583402,0.000310851871346532,0.000646989877731762,-5.12892300997333e-05
2017-02-17,-0.00189458729356643,-0.00281674244641029,-0.00294171903458258,-0.00106766411989279,-0.00259969729123715,-0.0013522650258886,-0.00249827780691978
2017-02-18,0,0,0,0,0,0,0
2017-02-19,0,0,0,0,0,0,0
2017-02-20,0.00203751043736954,0.00239284582024426,0.00252153774521663,0.00161323688322346,0.00237380687115548,0.00119481790254614,0.00206312778144297
2017-02-21,0.00118391991742894,0.000789568612035917,0.000869434507681968,0.00138860039976414,0.00104051426213144,0.000252139336904734,0.000842593801614594
2017-02-22,-0.00157354562728448,-0.00173697847106785,-0.00194821819403578,-0.00142859381536785,-0.00213108421611568,-0.00164077216409377,-0.00233219252498849
2017-02-23,-0.00142711215851623,-0.00147281100356423,-9.60857793093055e-05,-0.00073319099519355,-0.000964717312319934,-0.000481154660976062,-0.00073911602701942
2017-02-24,-0.00202291335083791,-0.00244752872538648,-0.00208263783703417,-0.0012501575312712,-0.00227484372011097,-0.0011802080053126,-0.00229039069912052
2017-02-25,0,0,0,0,0,0,0
2017-02-26,0,0,0,0,0,0,0
2017-02-27,-0.000149253605584219,0.000107709192737899,0.000165823477650892,5.35316727174493e-05,0.000250953134525836,0.000491522874363916,0.000359064316681399
2017-02-28,-0.000766531260231589,-0.000819143755123881,-0.000162780429953075,-0.000741281392266573,-0.000801125630763359,-0.00144065781414749,-0.000254324893622163
2017-03-01,0.000987829484435346,0.00114284175088323,0.000899823234447852,0.000796971031187804,0.0009758537108671,0.000356763239809926,0.000610612393411898
2017-03-02,0.000853236001295468,0.00104726718540147,0.00137540104015218,0.000769554709729468,0.00106640664754658,0.00128701975985725,0.000250385760395776
2017-03-03,0.00140156313013291,0.000682292303017833,0.00110842102945178,0.000804277926995516,0.000712521143608138,-0.000515536722050523,0.000574717780057163
2017-03-04,0,0,0,0,0,0,0
2017-03-05,0,0,0,0,0,0,0
2017-03-06,3.97715278405242e-05,-0.000637006376607339,-0.000657935925142901,-0.000410297377205457,-0.000576545260393148,-0.000581120315705947,-0.000421612651300407
2017-03-07,-0.000962314463778409,-0.00125256355918273,-0.00149559807340946,-0.00134122907246879,-0.00131405153849301,-0.000860670192900179,-0.000744830233856655
2017-03-08,-0.000412024198996525,-0.000148671647628663,-3.2739601251118e-06,0.000128187298441634,-8.26851913868067e-05,-0.000127720317248784,8.56474189898281e-05
2017-03-09,0.000379015252338481,0.00056161368330692,0.000883319361842315,0.000160685850917438,0.000280130150536842,-0.000495723158479001,0.000407825195271007
2017-03-10,0.000986827436335443,0.00103971312255438,0.00100418125861705,0.00121279358703578,0.00106935874587004,1.72746959541459e-05,0.00101236313409817
2017-03-11,0,0,0,0,0,0,0
2017-03-12,0,0,0,0,0,0,0
2017-03-13,-0.0019805995164169,-0.00194266863560924,-0.00198555107246075,-0.00185885643496695,-0.00216960555936537,-0.00133079024728488,-0.00226891318202815
2017-03-14,-0.000347628322723667,-0.000880797225649356,-0.000698842996288297,-0.000530182259301637,-0.000580139075392109,0.000297885297762531,-0.000546481322427543
2017-03-15,-0.000316268628184419,-0.000523678803497335,-0.000478917621350868,0.00108438832717905,-0.000348536938093961,-0.0007579321714733,1.91683605582881e-05
2017-03-16,-0.000176948705504909,-0.00074037489442438,-0.00120859606469328,-0.00122033392507743,-0.00105383361444006,-0.00106639657885771,-0.000594044405418766
2017-03-17,0.000824183376543707,0.00109880985705226,0.000450483701118306,3.25519499725125e-05,0.000767117264046486,0.000489388272528339,0.000881065282725479
2017-03-18,0,0,0,0,0,0,0
2017-03-19,0,0,0,0,0,0,0
2017-03-20,0.000177852525200349,0.000532803765533319,0.00085667482528166,-0.00068081690581738,0.000429378050467177,0.00101234566255808,0.000316013037650224
2017-03-21,-0.000262999303308304,-0.000611576834216997,-1.10311719542882e-05,-0.000108279276056395,-0.000221017916174929,-0.00033152169398696,2.32799336978179e-05
2017-03-22,-0.000130888796716637,-0.000327666599030151,-0.000175543349443451,-0.00107197678853245,-0.000311630077079479,0.00012202486255512,-0.000103726492084429
2017-03-23,0.00278856622579757,0.002759990283809,0.00266674860090457,0.00178950289213617,0.00305873935932929,0.00185707726489996,0.00300153162753463
2017-03-24,0.000525364467841855,0.00077322909399854,4.12805671330189e-05,0.000747022910910447,0.000373800886858476,0.000564289525109579,-7.5318697561462e-05
2017-03-25,0,0,0,0,0,0,0
2017-03-26,0,0,0,0,0,0,0
2017-03-27,-0.000269308163780027,-0.000204338610402522,0.000239699772288313,-0.000606855729136336,-0.000190581146549723,-0.000256212479921547,0.000143913942878496
2017-03-28,0.00181651333870635,0.00161177746184904,0.000880546520031603,0.00214370647850226,0.00190291408745751,0.000794467873008872,0.00157200927985005
2017-03-29,-0.00129284431513119,-0.00126473383807439,-0.00125799225680363,-0.00105616771891516,-0.00148232862517317,-0.000819952573607558,-0.00182750301910203
2017-03-30,-0.000876044943971468,-0.000617789692685477,-0.000955642724830717,-0.000672329233134884,-0.000894099787420197,-0.00084043618733499,-0.000801531115414262
2017-03-31,0.000880648677120436,0.00132517084479929,0.00122999621534597,0.000363568667086083,0.00124903690662004,0.00120949260893461,0.00107540421700705
2017-04-01,0,0,0,0,0,0,0
2017-04-02,0,0,0,0,0,0,0
2017-04-03,9.00302839806686e-05,8.2784695290146e-05,-0.000178834214503384,-0.000591892622302928,4.02699052961678e-05,0.000854873730214736,-5.43595063622828e-05
2017-04-04,-0.000371786681373241,-4.76552670102456e-05,0.000211996629189131,-0.000200844490434719,3.08418772553167e-05,0.00049733467133276,-0.000453798551397445
2017-04-05,0.00260125000701637,0.00305627666291541,0.00263953216790922,0.00223519020353297,0.00288948079820462,0.00193952535747312,0.00197926384765808
2017-04-06,-0.000257426952833089,-2.34268448926084e-05,-8.18356696997099e-05,-0.000308655497203962,-0.000193913782592683,5.53529065390939e-05,-0.000854022538612989
2017-04-07,0.000276096371339898,0.000566729003395458,0.000106311560008462,0.000275646673115994,0.000491743765367706,0.000437925190469883,0.000520285709586855
2017-04-08,0,0,0,0,0,0,0
2017-04-09,0,0,0,0,0,0,0
2017-04-10,0.000172412615401363,0.000554536232172321,0.000506417868687543,0.000107364106615999,0.000351863967494862,0.000581846670557686,0.000290617794626888
2017-04-11,-0.00159741574674367,-0.00146514047273003,-0.00124597819873662,-0.000817306653235349,-0.00142489678956277,-0.000689520353781171,-0.00144520847590048
2017-04-12,-0.000205916023445854,-0.000265527207535557,0.000264356348818891,-0.000256458930464746,7.62592610803372e-05,0.000400276170558637,0.000692944836397847
2017-04-13,0.00101399123157349,0.000883012455872319,0.00124993685776848,0.000982826436609311,0.00121441889695561,0.00108499170297363,0.000795085988655422
2017-04-14,0,0,0,0,0,0,0
2017-04-15,0,0,0,0,0,0,0
2017-04-16,0,0,0,0,0,0,0
2017-04-17,-0.000259042313481618,-0.000259042313481618,-0.000259042313481618,9.70912849662695e-06,-0.000259042313481618,-0.000259042313481618,-0.000268751441978245
2017-04-18,-0.000840012664368991,-0.000182469816116195,-3.4157214907377e-05,0.000554615898819069,-0.000168849468630184,-0.000479105560616588,-8.58466837544814e-05
2017-04-19,0.00262069815479142,0.00236746691977431,0.00223782211675285,0.0023256727523707,0.00249154016732219,0.00054055851459922,0.00282693141852058
2017-04-20,-6.1232845633839e-05,9.165730616804e-06,0.000526712373222499,5.52782589430395e-06,-1.44824456382428e-05,-0.00051196684299467,0.000198645565594136
2017-04-21,0.000176720151916141,3.02406444666204e-05,-0.000160747288482741,0.00061876239498234,3.87382596823784e-05,-0.000447466544877091,-0.000127782740451527
2017-04-22,0,0,0,0,0,0,0
2017-04-23,0,0,0,0,0,0,0
2017-04-24,0.00192365762512399,0.000437745160686978,0.00151537825192478,0.000883299722659797,0.00125557200988774,-2.52420598159625e-05,0.00113437542987546
2017-04-25,0.00151598108667425,0.00129576858980417,0.00122683302380467,0.000307959640825127,0.0012073946279334,0.00142461480751186,0.00106867069951977
2017-04-26,0.00141167871333106,0.00107005306186133,0.000929492403297749,0.000476830441087455,0.00124573147569392,0.00138927591030287,0.000555742973445691
2017-04-27,0.000965476095710943,0.00169071238561379,0.0015346140956011,0.00147810350441496,0.00166781142077006,0.00144148516736242,0.00135701348320541
2017-04-28,0.00118330399896461,0.00142899998871435,0.000753818029479069,0.000955544367214727,0.000956666790255865,-0.000323819037737849,0.00124698030527949
2017-04-29,0,0,0,0,0,0,0
2017-04-30,0,0,0,0,0,0,0
2017-05-01,-0.000168901243476741,-0.000250286188312703,-0.000237207553105455,-3.19518573713401e-06,-0.000221169336417476,-0.000224954104549408,-0.000221302406905937
2017-05-02,0.00108258224559577,0.000735269765831501,0.00132853686604072,0.000516005134865596,0.00115361365951359,0.000985882019427474,0.0014383285458288
2017-05-03,0.00128342143369912,0.00118554523814366,0.00128394978308611,0.00107880585537495,0.0016239460697294,0.00137192484678756,0.0012880273581944
2017-05-04,-0.000337906796237209,-0.000399062003019538,7.64304307622863e-05,-0.0012922378205558,-0.000618821593511972,-0.000264627194360926,-0.000822359303737571
2017-05-05,0.000572950126437456,0.00042007621533982,0.000356189126983732,0.00013998245024739,0.000266416123660423,-0.000361203829988441,0.000642301756096975
2017-05-06,0,0,0,0,0,0,0
2017-05-07,0,0,0,0,0,0,0
2017-05-08,-0.00104430558593318,-0.0010245742271007,-0.00114678928866868,-0.00172198181668972,-0.00123857299034142,-3.31138901758033e-05,-0.000875214534148504
2017-05-09,-0.000892748681094731,-0.000473530240302909,-0.0009523647779225,-0.000664892186204621,-0.000563958234058863,0.000335155091922919,-0.000491521764659639
2017-05-10,0.000156990402900545,0.000176571554704377,-0.000454838375392201,0.000203207159810323,-0.000181301683660983,-7.38140111592685e-05,-0.000711168196995909
2017-05-11,-0.00102556302086529,-0.000982002816552375,-0.00104843330742103,-0.0013467826577316,-0.00126537973439799,-0.000729871753553545,-0.000925580774693702
2017-05-12,0.000866975231467498,9.90774924659685e-05,0.000473550566078857,-0.000812726688659571,0.000211895542571579,0.000666266919262005,0.00040606522449322
2017-05-13,0,0,0,0,0,0,0
2017-05-14,0,0,0,0,0,0,0
2017-05-15,0.000439995104594599,8.07502575131742e-05,-0.000305450261136228,0.000107267400395353,-9.4086601958441e-05,-0.000276298782861472,-0.000222247109866506
2017-05-16,0.00049433881897437,0.000414352889186613,0.000564427867862108,0.000470461222697552,0.000488921259090691,0.000526529804581493,1.72960429457733e-05
2017-05-17,-0.00126546527785821,-0.00124700444054757,-0.00112143558751992,-0.00137545681540404,-0.00129759429434443,-0.000597757954811777,-0.00108838979563629
2017-05-18,0.000452232635840141,0.000223784062806901,-4.67069003478308e-05,0.00114932421848064,0.000306828424810822,-0.000700260295595978,-0.000524239940151675
2017-05-19,0.000821415333831651,0.000713421498687286,0.000790216517959681,0.000285509675216602,0.000525756865429648,-0.000116755892734953,0.000107918188871391
2017-05-20,0,0,0,0,0,0,0
2017-05-21,0,0,0,0,0,0,0
2017-05-22,-0.000716249241685766,-7.18891047297342e-05,-0.00131074222595781,-0.000283760689107016,-0.000675545213911151,-0.000172659396884473,-0.000872751903039813
2017-05-23,0.000268241171032487,0.000639388721827872,0.000730947413536194,0.000224172517240205,0.000347026330015395,5.65575159645741e-05,0.000562687015799332
2017-05-24,0.000458872540729848,0.000621554258698459,0.000745953500930622,0.000274536772829816,0.000451615610045864,0.000317040701706536,0.000429110657103994
2017-05-25,0.00142088184910035,0.000886407383381962,0.00109495624055692,-5.9111568804481e-05,0.00111270490723812,0.00136196156379261,0.000531615092176852
2017-05-26,0.000299283156172383,0.00110040161943341,0.00096878052800389,0.000986085314301233,0.000865407997709829,0.0015010195555334,-0.000315123119306446
2017-05-27,0,0,0,0,0,0,0
2017-05-28,0,0,0,0,0,0,0
2017-05-29,-0.00011071179255808,-0.000308842997722348,-0.000347385240877587,-0.000436833917795502,-0.000385099643191763,-0.000319171116957646,-0.000402553150047653
2017-05-30,-0.000449074860711757,-0.000518984924174457,-0.00027491332242559,0.000165838345633934,-0.000440516698309431,5.06341924144873e-05,-0.00099610663132415
2017-05-31,-0.000880455492571437,-0.00144911192743167,-0.0011212781048889,-0.000360618063432772,-0.000752572173604957,-0.000750940886378482,-0.00064821260485769
2017-06-01,0.00122187729902355,0.000766791106672595,0.000554893264293231,-6.07018059590238e-05,0.000736679393893681,0.000992969596852561,0.000564363973669458
2017-06-02,0.000393965557783643,0.00154692986671493,0.00154543617090279,0.00165024462753451,0.00172188530282782,0.00222588950086779,0.00103006954007619
2017-06-03,0,0,0,0,0,0,0
2017-06-04,0,0,0,0,0,0,0
2017-06-05,-0.000563681045791279,-0.000986891636473899,-0.000900190323252715,-0.000585955330681465,-0.000915582001396139,-0.000452907865553281,-0.00127255172042405
2017-06-06,-0.0016833029910847,-0.00245480163286594,-0.00228059184502068,-0.00260307054990743,-0.00249509461978849,-0.00185467186939305,-0.00222560045422831
2017-06-07,-0.000889737263914179,-0.00115189912523367,-0.00040498962009144,-0.00221452393241223,-0.00147000786162252,-0.00129445529542711,-0.00111259706703479
2017-06-08,-0.00131028828055034,-0.00121594597443242,-0.0010648695204452,-0.00113010679180304,-0.00125998366832077,0.000324575555026054,-0.00156562941406661
2017-06-09,-0.00134748933410746,-0.00131989350001328,-0.000463345144361414,-0.00226047257650824,-0.00100670509078398,0.00132791467432599,-0.00164230696736926
2017-06-10,0,0,0,0,0,0,0
2017-06-11,0,0,0,0,0,0,0
2017-06-12,0.00506810123721887,0.00477665349436798,0.0032169813319694,0.0057970225438524,0.00503982416687976,0.000931584959944403,0.00520340524634518
2017-06-13,-0.000784132716289698,-0.000736064544538706,-0.000754713776309659,-0.00133759281595422,-0.000960213931656334,0.000146697113777542,-0.00141193954587941
2017-06-14,0.00206306303061105,0.00166526083568807,0.00169558744513919,0.00145508890042372,0.00206743021385057,0.00217582464997079,0.00195888334418696
2017-06-15,-0.000406035363374781,-0.000352224805902029,-0.00021128077610218,0.000106941434753811,-0.000412438554662472,-0.000347324143031104,-0.000658958210245652
2017-06-16,0.000663320838826173,0.000414893594797144,0.000380060699643325,0.000226711229676183,0.00121172983357933,9.51594134551892e-05,0.00114014469876105
2017-06-17,0,0,0,0,0,0,0
2017-06-18,0,0,0,0,0,0,0
2017-06-19,-3.78434736086103e-05,-0.000340840841010192,-0.00017897883985956,7.04503630953333e-05,-0.000755565784559865,-0.000558917218824688,-0.00044173081441764
2017-06-20,0.000629958373841357,0.000749025554452519,0.00117201952871976,0.000644388472533872,0.000842000439136338,0.000484160171648189,0.000658782109659632
2017-06-21,-0.000727942169584397,-0.000778428938228315,-0.000558224713363198,0.000182232985252323,-0.000598679795120156,-0.000577611536336201,-0.000697253456402206
2017-06-22,0.00143511333306328,0.0012022811331617,0.00112260304641943,-7.73492818880708e-05,0.00111722124745818,0.000706633806995679,0.00107707618914161
2017-06-23,-0.000842000324211024,-0.000478645652741123,-0.000731176831947325,-0.000389681744692952,-0.000776403844169504,-0.000404419131467199,-0.000787539581854726
2017-06-24,0,0,0,0,0,0,0
2017-06-25,0,0,0,0,0,0,0
2017-06-26,-0.00119660284712287,-0.00140174604977961,-0.00139702498528365,-0.00131605642764711,-0.00169806689218434,-0.00123030685134743,-0.00144540823037496
2017-06-27,0.000800689435520771,0.000799009706182964,0.00053773618061735,0.00029358020813404,0.000499158475383954,0.000207410847042463,0.000231396933521354
2017-06-28,0.00059831997914847,0.000547599918754997,0.000450885236191953,0.00120491976497535,0.000650678560057225,-0.000386065339792254,0.000681454639365527
2017-06-29,0.00013510640263637,0.000747704940983508,0.000307332056136364,0.00111426314094831,0.000708864758074673,0.000520166298649202,0.000256671421559391
2017-06-30,-9.25636496810466e-05,0.000121517198961975,0.000221021894613464,0.000364753367841169,0.000455364319940459,0.000139141661996682,0.000391336906107469
2017-07-01,0,0,0,0,0,0,0
2017-07-02,0,0,0,0,0,0,0
2017-07-03,8.75635520116795e-05,-8.38878324872694e-05,-0.000106423352239157,-0.000564999056762263,-0.000397550814183923,-0.000786171153813986,1.88429183737853e-05
2017-07-04,0.000267752075597806,0.000894252051674419,0.000702186966556978,0.00147789720314388,0.000947647478539739,0.000150037555057786,0.000843539723476014
2017-07-05,0.00124627345127333,0.000956115338190541,0.00112529534325444,0.000560646909263006,0.00101491484340363,0.00105386369267415,0.000494364619580907
2017-07-06,0.000725661406150637,0.00108199967154044,0.00113223428791739,0.000737738573340259,0.000896102010810644,8.63728250744907e-06,0.00103200046895234
2017-07-07,8.00552087731929e-05,0.000257206965044029,0.000501548928878773,3.89632159456278e-05,0.000373797336231681,0.000487654086566295,0.000192580691546131
2017-07-08,0,0,0,0,0,0,0
2017-07-09,0,0,0,0,0,0,0
2017-07-10,9.84825862442655e-05,-0.000121229744396481,-0.000290450342376626,-0.000614874649339108,-0.000113763538924646,0.000414019722573265,-3.91549313927929e-05
2017-07-11,-0.000322010672540442,-7.55022080267357e-06,-0.000107469586538176,5.87049137435431e-05,-0.000116892148045139,3.90782291287922e-05,-0.000221069397480494
2017-07-12,-0.000309923055947381,-0.000395475456749435,-0.00100595542697324,-0.00139764278327453,-0.000799969002912405,0.000207609172182126,-0.000948650718570535
2017-07-13,0.000409757533476999,0.000511286626414884,5.16577907101621e-05,0.000523214562077233,0.000406624050649581,-0.000183390016258281,0.000735955849578049
2017-07-14,-3.11711312923047e-05,-1.36090227111436e-05,-0.000100429181028941,8.17756988318633e-05,-0.00019106362408837,-0.00044173501897365,-0.000555415073569418
2017-07-15,0,0,0,0,0,0,0
2017-07-16,0,0,0,0,0,0,0
2017-07-17,0.000945728141516767,0.00124248205078231,0.000900810688929243,0.000973006008487628,0.00109711947696457,0.000830136898498025,0.000678640628258173
2017-07-18,-0.000134235696131426,0.000145501085631639,-0.000317763139029252,-0.000223439105330511,-0.000243199413200407,2.7062812932488e-05,9.35193312988722e-05
2017-07-19,-0.000502780726550376,-0.000381608630779256,-0.000605647580759809,-0.000841891038851137,-0.000634065099803285,1.39387940296559e-05,-0.000704509985625581
2017-07-20,0.000210095765183445,-0.000538086345209514,-0.000412737137769398,-0.00063321210960885,-0.000335728543992903,0.000185100387390327,-0.00045618374984174
2017-07-21,0.000751671690966382,0.00104463790316523,0.00107349282818455,0.00123186919657104,0.00115885184948704,0.00123093305560177,0.000583737077740698
2017-07-22,0,0,0,0,0,0,0
2017-07-23,0,0,0,0,0,0,0
2017-07-24,0.000455128900087178,0.0004019436966879,0.000192889673512447,-0.000210251398771166,0.00011434693317268,0.000293320608223819,-0.000302602166762448
2017-07-25,-0.000161589139955182,-0.000371205699338662,-0.000673653857317522,-0.000675740324323808,-0.000501460347087642,-0.00074765658885294,-0.00101305881910941
2017-07-26,-0.000842767543359892,-0.0011861453785625,-0.000813832419881456,-0.000278608522075604,-0.000949533525240184,-0.00110072485768907,-0.000472536847736333
2017-07-27,0.000778433411600631,0.00116479975776775,0.00148177870360689,0.000662910034138576,0.00127138542474701,0.00134890131887142,0.00143199080233267
2017-07-28,-0.00193737031102412,-0.00217637349236463,-0.00160040481994881,-0.000785701732707845,-0.00207487724478025,-0.00226049239860206,-0.00230640214740596
2017-07-29,0,0,0,0,0,0,0
2017-07-30,0,0,0,0,0,0,0
2017-07-31,0.000116404302550752,0.000460060128097189,0.000410191367838857,-0.000185802945250606,0.000289822410336871,0.000511824277870479,-2.84651482783063e-05
2017-08-01,-0.0016249181957128,-0.00122193382727717,-0.000717709201364516,-0.00116304137629204,-0.00129799703254378,-0.000585047685819311,-0.00124131767131842
2017-08-02,-0.00013550028532286,-0.000622529612801799,-0.000668957970833158,-0.000724222454069109,-0.000916017787334803,-0.000831896407587388,-0.00122357153521486
2017-08-03,-0.0021277921371539,-0.00223854897066262,-0.00145399367201808,-0.0022560085561904,-0.00268326328970629,-0.00275208104601644,-0.00291589606055677
2017-08-04,-0.000135876637248259,-5.4658606698003e-05,-0.00014880505162629,0.000189180267697077,-0.000156749930291395,-0.000897980082266636,-0.000121965085999952
2017-08-05,0,0,0,0,0,0,0
2017-08-06,0,0,0,0,0,0,0
2017-08-07,0.000170045108594837,0.000515139073361075,0.000395637884360273,0.000583083614848128,0.000115383381633312,-0.000185543577230954,-0.000761135795150109
2017-08-08,-0.000322172663170772,-0.000347911590461826,-0.000329124235369951,0.000717372441398572,-0.000342016492587968,-0.00071552423003501,-0.000342428371378611
2017-08-09,-0.000764642272373043,-0.000608605595062092,-0.000818415419847628,8.30374340976732e-05,-0.000549405695574826,-0.000323979829913901,-0.000915759407687813
2017-08-10,0.000163463688862715,0.000192757357388615,0.00043191042730193,-0.000742390406618408,-6.76528180476431e-05,-0.000257620581724076,-0.000124884080788093
2017-08-11,-0.000191843292960758,-0.000626527881081279,-0.000718210367965683,0.000305118709821739,-0.00047422271748467,-0.000697914284451141,-0.000149303507147113
2017-08-12,0,0,0,0,0,0,0
2017-08-13,0,0,0,0,0,0,0
2017-08-14,0.000651063001769523,0.000845140063755206,0.000643821547604738,0.000565169552206742,0.000886975384329013,0.000860525144044369,0.000352601803908093
2017-08-15,0.00122984457996121,0.00119172940078549,0.00137693889169814,0.00129922283933817,0.00127567861552967,0.000969029243372477,0.000645537432190702
2017-08-16,0.000339159368082483,0.000245496136867565,0.000512408639853255,0.000679350596730691,0.000499504060665467,0.000466841838899824,0.00066967006636345
2017-08-17,0.000131437207001609,0.000906861597723918,0.000752992204386587,-0.000131463509729795,0.000705533430948903,0.00122393885284905,0.000852850174082647
2017-08-18,0.000743704866951869,0.000604588082300499,0.000376202072052471,0.000811065135452889,0.000456525483458879,2.66912874939959e-05,0.000255328088989715
2017-08-19,0,0,0,0,0,0,0
2017-08-20,0,0,0,0,0,0,0
2017-08-21,-0.000586701440422699,-0.000535936302950605,-0.000499559397781319,-0.000749144476914344,-0.000709773486955007,-0.000272366686696149,-0.00071939151645884
2017-08-22,0.00112414455421193,0.00166970130518347,0.00117232232892376,0.00154657166666513,0.00162828515050195,0.00129705349233973,0.0016097795485704
2017-08-23,0.000419828659444804,0.00191468928604207,0.00122072496629,0.00150212545834754,0.00145015689841899,0.00103778261468896,0.00123136341952053
2017-08-24,-0.000432493568348545,0.00139128832289436,0.00132740098283146,0.00127609249269069,0.00116531849120036,0.00114592738651259,0.00100695286823829
2017-08-25,0.000176768319291855,0.000323838245763872,3.348446584969e-05,-0.000597148628042533,1.26215810263301e-05,0.000259487645263187,-5.97094973652683e-05
2017-08-26,0,0,0,0,0,0,0
2017-08-27,0,0,0,0,0,0,0
2017-08-28,-0.000959558111008196,-0.00130664086882186,-0.00116433534978154,-0.000789419612612334,-0.00128576865327119,-0.000899257811457406,-0.00130963151267462
2017-08-29,-0.000400839888180988,-0.000815008549292346,-0.000606521725687744,-0.000789898502944735,-0.000824408025239509,-0.000128560361463029,-0.00115995210617638
2017-08-30,-0.000175226459317237,-0.000235329824136569,5.54085101473063e-05,0.000903467412156945,0.000265502263535608,0.00042973582084113,0.000213061345574316
2017-08-31,0.000891870232745291,0.000633011682056358,0.00111550934564757,-5.95151559610242e-05,0.000884374813624696,0.000662800904968665,0.00123155138746589
2017-09-01,0.000726711017226249,-1.58375226456774e-05,0.000432215263301725,-0.000391800576059908,0.000194814353403799,0.000135790286709336,-3.84926505618765e-06
2017-09-02,0,0,0,0,0,0,0
2017-09-03,0,0,0,0,0,0,0
2017-09-04,-0.00127348103078527,-0.00148653748602102,-0.00142498110941672,-0.000861917716561719,-0.0014048720538046,-0.000809692678969226,-0.0015590856272178
2017-09-05,0.000199451301126302,-0.000265039200820822,-0.000324845992079903,-0.000998471257278113,-0.000272772083202105,0.000257773355618722,0.000506872791160451
2017-09-06,0.000594668911105853,0.000602090164388002,0.000212035260635824,0.000202316850684214,0.000648914741000715,0.000688831772043505,0.000645843314564971
2017-09-07,-0.00251799123161418,-0.00215658832237087,-0.00165445680127273,-0.00249017467718077,-0.00223721107150643,-0.00066349593515241,-0.00233016465294441
2017-09-08,0.000644715818877327,0.000262865897228038,0.00100910424113649,-4.66701353436e-05,0.000526593426260121,0.000694292792439476,0.000268619615369371
2017-09-09,0,0,0,0,0,0,0
2017-09-10,0,0,0,0,0,0,0
2017-09-11,-0.000359654935564368,-0.000328176640784271,-3.62257386998439e-06,-0.000967264223765285,-0.000298175820341936,0.00033030483533506,-4.04445139803696e-05
2017-09-12,0.00148002806385383,0.00129068962938152,0.00125858661704513,0.00178424822079599,0.00157591233103637,0.000209622122896275,0.00165370781252379
2017-09-13,0.000183884899972949,-4.23365392763682e-05,-0.000109261664708114,-2.29994733725753e-05,0.000128409076197856,-7.59843794784239e-05,0.00033020682345933
2017-09-14,0.00208510840823324,0.00217301545777667,0.00196311666668081,0.00130294542496068,0.00215541811255512,0.00212298030286207,0.00194236254995226
2017-09-15,-0.00111993926599493,-0.000532483029351667,-0.00135657387471091,-0.00137923854316441,-0.0009697433931848,-0.00145404154890954,-0.000869862358903577
2017-09-16,0,0,0,0,0,0,0
2017-09-17,0,0,0,0,0,0,0
2017-09-18,0.000301853329892277,0.000285168231182041,0.000368899440252112,0.000161012325827019,0.000172132747487504,0.000721909167922095,0.000538102046981568
2017-09-19,0.00149463430569465,0.0011549644285151,0.00108361633081479,-0.000780598137164417,0.00105229604945603,0.00144873232721127,0.00112699453482615
2017-09-20,-0.000692524856149711,-0.000224994725874668,-0.000238687822139386,-4.94387274786176e-05,-0.000419320304504433,-0.000548497881845578,-0.000199820409899358
2017-09-21,0.00157804232593968,0.00231810655036455,0.00250158502102299,0.00248942521926962,0.00257929835971669,0.00128025784311701,0.00257739687337429
2017-09-22,0.000520393002515908,0.00013329642491782,0.00032770637986556,-0.000439831733320964,0.000263312737352861,0.000245932576969556,0.000512166884748152
2017-09-23,0,0,0,0,0,0,0
2017-09-24,0,0,0,0,0,0,0
2017-09-25,2.7345197439125e-05,-0.000783930134077259,-0.000552097701419431,-0.00126592596436919,-0.000407382781935375,0.00022611321593471,-0.000150458376964776
2017-09-26,-0.000891689195652148,-0.000722659515970587,-0.000700753578711359,-0.000330610144619643,-0.000888143625098258,-0.000592451307108591,-0.000939857982550635
2017-09-27,0.00179729520227324,0.00147305177262792,0.00129260539524547,0.0016541402840336,0.00163210515075853,0.000391354634118863,0.00116992808160572
2017-09-28,0.000549825050792094,0.000724210604215367,0.000983903967763506,0.000594984729464515,0.000944194770228254,0.00120648124710052,0.000830144349832472
2017-09-29,-0.000139101228702382,-0.00071780193650236,-0.000690829511662744,-0.000512784477359688,-0.000958212123621063,-0.00107634867124368,-0.00109347258897886
2017-09-30,0,0,0,0,0,0,0
2017-10-01,0,0,0,0,0,0,0
2017-10-02,-0.000629476439091482,-0.000857364956516034,-0.000752135996702923,-0.00156240043623177,-0.000881145552005805,-0.00032025260140839,-0.00038784407753699
2017-10-03,-0.00105180524701206,-0.00141991804746294,-0.000873624235058723,-0.000875621365730317,-0.00122660472280253,-0.000978996371970164,-0.00123506356128109
2017-10-04,0.000466062935382996,-0.000131709005714035,0.000566054228350729,-0.000665248610657917,9.77282238920448e-05,0.000544845503515483,-2.12093606682354e-06
2017-10-05,-9.97464901360803e-05,0.000283243252042288,5.70380780074297e-05,0.000561131120312858,0.000190211238427535,-0.000375269772956512,-1.47736359399429e-05
2017-10-06,0.000480764297620673,0.000456678318839112,0.000689217861215323,0.000565661986515069,0.000440358002349458,0.000265555906546277,0.000238340079799047
2017-10-07,0,0,0,0,0,0,0
2017-10-08,0,0,0,0,0,0,0
2017-10-09,-0.000539523499270779,-0.000546777443484048,-0.000407680560906052,-0.000137731317515057,-0.00047573705337164,-0.000444850209826742,-0.000285182824874564
2017-10-10,-0.00120407116797553,-0.00163170605472185,-0.00137791961708937,-0.00113330120365566,-0.00153532179721735,-0.00129859032186738,-0.00115630865346343
2017-10-11,-0.000436659872577036,0.000314522211828144,-0.000174988127967307,0.000156223570986997,-0.000403007223964841,-0.000456543013105271,-0.000878146074490502
2017-10-12,0.000305972638530816,-0.000111799357428552,0.000112804754531584,-9.76893743660217e-05,0.000164798661772945,0.000447986866502814,-0.000560437013498162
2017-10-13,-7.5562275145437e-05,0.000539180792564658,-0.000109185926737922,-0.000278134698422742,-9.68839239800347e-05,-5.71405168605695e-05,-7.40905501102396e-05
2017-10-14,0,0,0,0,0,0,0
2017-10-15,0,0,0,0,0,0,0
2017-10-16,0.000877717207220685,0.00034803192867764,0.000222103361471696,-0.000348599589050012,0.000444606895665955,0.000181971727568925,3.84862056574312e-05
2017-10-17,-0.000407535453094764,-0.000592640477527067,-0.000681826139611757,-0.000127558707899761,-0.000536021454037002,-8.47394555390092e-05,-0.000371343831225867
2017-10-18,0.000156114764370774,0.00134918512674261,0.00152586256546023,0.00155686485986663,0.00135913668276755,0.000810404091749328,0.001304917892391
2017-10-19,0.000467180454714717,6.89137708572648e-05,0.000385128165612618,-0.000362407497260732,0.000187287171229716,0.000200784291013868,0.000198005555791086
2017-10-20,-0.00167495015496392,-0.00102195231025233,-0.00104194877151914,-0.00110447063557621,-0.00149644417949834,-0.00139150749072248,-0.00139656190037273
2017-10-21,0,0,0,0,0,0,0
2017-10-22,0,0,0,0,0,0,0
2017-10-23,0.000942139418789275,0.00116839633803661,0.000924428656038486,0.00040669724909852,0.00109765868804341,0.00098267099568045,0.00114256810417801
2017-10-24,0.000571445853311482,0.000614048586807443,-3.6040364050006e-05,0.000486723783045858,0.00038495244456651,-0.000137861375800346,0.000289750529026358
2017-10-25,-0.000240271198781738,-0.000643289271623303,-0.000365685337765256,-0.00145207500744154,-0.000848882480496462,-0.00030341058445957,-0.00121686577065411
2017-10-26,-0.000579248175268641,-0.00034608996595804,-0.00119837830633065,0.000139025158235906,-0.000346564331170814,0.000118257877676475,4.90518696821841e-05
2017-10-27,-0.000131114342939448,-0.000320464324045343,0.000258988685406615,0.000507454008685732,5.99321000250876e-05,0.00030863257242685,-0.000157554040030371
2017-10-28,0,0,0,0,0,0,0
2017-10-29,0,0,0,0,0,0,0
2017-10-30,0.00347763732684745,0.00333625770146953,0.00267413734356308,0.00139075379930588,0.00352211991772846,0.00344222574519339,0.003251287939666
2017-10-31,-0.000809712102147581,-0.000270044485042409,-0.000287188779955591,8.30971458382208e-05,-0.000514403398116187,-0.000507446351807302,-0.000402197171153182
2017-11-01,0.00187294977373108,0.00171506153471663,0.00111799961044679,0.000981783683230705,0.00155693455783857,0.00082600942914238,0.00164311367021014
2017-11-02,0.00171322464377706,0.00171450327964143,0.000397570930489949,0.00160265449904141,0.00165127107286343,0.00156215063134594,0.00163182984052106
2017-11-03,-0.0022192877725167,-0.00184277175437131,-0.00207641988815446,-0.00165360802064183,-0.00205899276081166,-0.000605300137816416,-0.00214184374255922
2017-11-04,0,0,0,0,0,0,0
2017-11-05,0,0,0,0,0,0,0
2017-11-06,-0.00161678888623005,-0.00170439578010287,-0.00140623030340582,-0.00164647483635958,-0.00167631489199512,-0.00070140555029428,-0.00133375011311816
2017-11-07,-0.00061024054531905,-0.00046666935399812,-0.000332927210460699,-0.000155879786769748,-0.000728239280705207,-0.000601167802040136,-0.00143362344129068
2017-11-08,-0.00192865250319082,-0.00271688591260157,-0.00227524929211184,-0.00122085419363584,-0.00227411860804164,-0.000936085410927077,-0.00196903812660674
2017-11-09,-0.000751009846385149,-0.000769707875366241,-0.000753662410436625,0.000295596007173135,-0.000677433331101993,-0.000710421414845968,-0.000744445686848614
2017-11-10,0.0029822715592664,0.00301492825058733,0.00249214999545362,0.00140622749002269,0.00290076014201778,0.00207545315245395,0.00258743311332289
2017-11-11,0,0,0,0,0,0,0
2017-11-12,0,0,0,0,0,0,0
2017-11-13,-0.000982349245456631,-0.000678716972563459,-0.000372446195172597,-0.000168446559656112,-0.000628072322985613,-0.00079232334889341,-0.000667915509698361
2017-11-14,0.0019038532958379,0.00130872415321966,0.0021082915316631,-5.75868979667367e-05,0.00185720310830696,0.00175944540549603,0.00113060845751993
2017-11-15,-0.000740833774459175,-0.00113760968953712,-0.00108079991963804,-0.000369786376439443,-0.00123082274845172,-0.00140066119521616,-0.0011022826729934
2017-11-16,0.00099357609323754,0.000796982635726708,0.00139974688932183,0.000854272225151155,0.00116724307085515,0.00102031380611084,0.000776326875428545
2017-11-17,0.00139656526112448,0.00188393259076439,0.00138319106802938,0.00130186506862975,0.00165281576079565,0.00107818359489865,0.00134316239943483
2017-11-18,0,0,0,0,0,0,0
2017-11-19,0,0,0,0,0,0,0
2017-11-20,-0.000516956408400975,-0.00036997898883793,-0.000514414833084617,-0.000275941241270608,-0.000357392164430099,-0.000118213576825215,-0.000240852747095253
2017-11-21,-2.21098731697708e-05,-0.000429408625580556,-0.00102760230139343,-0.000932873483209818,-0.000588182137820673,-0.000131157520759332,-0.000517494339620742
2017-11-22,-0.000728769115026417,-0.000782794884827477,-0.000351388624420912,-0.000671611506597788,-0.000905352012239077,-3.12871263350098e-05,-0.00145424608183725
2017-11-23,0.00178029845613702,0.00120479855014489,0.001182098057124,0.00114470377479794,0.00155072284090626,0.000856358760652661,0.00170782482335164
2017-11-24,0.00112553150661562,0.000816446813914887,0.000861819357980874,0.000934385753318311,0.000951547048746441,0.000634610346246783,0.000267005299727617
2017-11-25,0,0,0,0,0,0,0
2017-11-26,0,0,0,0,0,0,0
2017-11-27,-0.00114607724261274,-0.00106030922653044,-0.000872830162151274,-0.000426353655294572,-0.00109629383593524,-0.000813329031841894,-0.00113501295007205
2017-11-28,-0.000577563050417849,-0.00070675479274437,5.36237108084875e-05,0.000265199534658734,-0.000345156136811309,-0.000291054749235218,-0.000341105232237336
2017-11-29,0.000121949383582971,0.00018355660964997,0.00043361723296055,0.00197136015340973,0.000275491691096845,-0.00113486283069026,-7.81645669248827e-05
2017-11-30,0.0015760942175015,0.00165666218623306,0.00178734008574661,0.00180094932829482,0.00222980068862544,0.00165529052925638,0.00204601396559943
2017-12-01,-0.000267993793474365,-0.000402842851398935,-0.000673472974499971,-0.00030701529169269,-0.000502936673647915,-0.000360045523658154,-6.94645034321969e-05
2017-12-02,0,0,0,0,0,0,0
2017-12-03,0,0,0,0,0,0,0
2017-12-04,0.000164881375641484,7.79431761385273e-05,7.16937571065533e-05,0.000232926958692013,0.000276911262439877,2.14782000993299e-05,-1.08846446100801e-05
2017-12-05,-0.00141939709279732,-0.00099163073462649,-0.000997114467431256,-0.00127454464951282,-0.00142509295803832,-0.000905462838811801,-0.00108556884355893
2017-12-06,-0.00211962902327963,-0.00199062767352465,-0.00175275098454973,-0.00140720188844089,-0.00226270658894961,-0.00157316423927407,-0.00220046626061466
2017-12-07,0.000714034808253817,0.000873545286800757,0.00106118808681787,0.000378192313497824,0.00104423538071654,0.000748388252262719,0.00103888477796308
2017-12-08,0.00216283325888915,0.00208698094526879,0.00176769391325208,0.00135849416138592,0.00209432887504615,0.000978520874359141,0.00224816253432691
2017-12-09,0,0,0,0,0,0,0
2017-12-10,0,0,0,0,0,0,0
2017-12-11,-0.000517203457645849,-0.000752789414592581,-0.000916902039607646,-0.000373214151262115,-0.000550035834030064,4.34108755122153e-05,-0.000663063595022413
2017-12-12,0.000573653989817797,0.000237307818595834,-0.000168834080711135,-0.000483135728895789,0.000262596184224728,0.000453959481221146,-0.000213565658309919
2017-12-13,-0.00107466550414181,-0.00037201819567091,-0.000473192654864764,-0.000927173430988165,-0.000867444604856958,-0.000583387895582696,-0.000455417377695206
2017-12-14,0.000189749532115061,-0.000444221443103515,0.000221818566276913,0.000148252606345663,8.64233697705946e-05,0.000199291578044202,0.000107072408885105
2017-12-15,-0.000868699534154693,-0.00136413215823223,-0.00106122347560837,-0.000987558685079918,-0.00116106271606736,-0.000897705976883922,-0.000646438588434149
2017-12-16,0,0,0,0,0,0,0
2017-12-17,0,0,0,0,0,0,0
2017-12-18,0.00107349463227612,0.00148964473946239,0.000908149868730841,0.00098004238765358,0.00136487141651858,0.000871325187482689,0.00172363819271478
2017-12-19,0.000752178884561645,0.00137461082016642,0.00147107309444643,0.00112634474242167,0.0012891307163048,0.00147108496247375,0.00100010815580183
2017-12-20,-0.000125342812034187,-0.000363433838693116,-0.000332196941551217,-0.000266338069797929,-0.000132216407780903,-1.7142259902872e-05,-0.000110966986145508
2017-12-21,0.000725055154093245,0.000660944199597578,0.000410923326773277,2.63433292683164e-05,0.000577770052901116,7.09472223603873e-05,0.0011176512780473
2017-12-22,-0.000236409590439155,-0.000405198418950702,0.000172283152251126,-0.000111938083064195,-0.000246674818861587,-0.000229361032504999,-0.000324687669942186
2017-12-23,0,0,0,0,0,0,0
2017-12-24,0,0,0,0,0,0,0
2017-12-25,0,0,0,0,0,0,0
2017-12-26,0.000185720261708828,0.000185720261708828,0.000185720261708828,1.69070385206177e-05,0.000185720261708828,0.000185720261708828,0.000168813223188211
2017-12-27,-0.000276508711714519,7.89349345789315e-05,-0.00043699831245614,-0.000205519236007076,-0.000266308577801675,-0.000220211112677621,-0.000522949448513101
2017-12-28,0.000939567443181814,0.00135401064267929,0.00134230566521766,0.000778254695781899,0.0013121045874799,0.00126592460994007,0.0010284864971876
2017-12-29,0.000445669373265757,0.000910021492129046,0.000446137946403828,0.000395004869529143,0.000477106442883468,0.000250218800182731,7.72111496837403e-05
2017-12-30,0,0,0,0,0,0,0
2017-12-31,0,0,0,0,0,0,0
2018-01-01,0,0,0,0,0,0,0
2018-01-02,0.000608941324284514,0.000714820812609315,0.000744933294845855,0.000478904313087252,0.000842557677863301,0.000268601186596084,0.000934714052048172
2018-01-03,0.00197814774559046,0.00227121858419866,0.0017613486573685,0.000946266405930282,0.0019545045246191,0.00247273246855599,0.000765830825158963
2018-01-04,-0.000171470181808105,0.000658774712642325,0.000484632228285587,0.000819259243489988,0.000450852997696846,0.000203563269751734,0.00029129211676483
2018-01-05,-0.000452696656883924,-0.000156310720475508,-0.00054518551908699,0.000249205413502784,-9.60106967198623e-05,-0.000249123031768053,0.000253021147386691
2018-01-06,0,0,0,0,0,0,0
2018-01-07,0,0,0,0,0,0,0
2018-01-08,0.000842246430122651,0.00117184224133549,0.000753176672879768,0.000234127476656942,0.000851955382573128,0.000564383194385977,0.000703269734054947
2018-01-09,0.000199882044958084,0.000895634501171929,0.000672864572881591,9.31407494398472e-05,0.00116424823692977,0.00153960312582893,0.00165515172129615
2018-01-10,0.000111008236782494,-0.000399869977902179,-0.000300402918213207,-0.000124726782620841,-0.000554523932380435,-0.00167341976459202,0.000115958409537693
2018-01-11,-0.000485177230182072,-0.000475013270992102,-0.000531311837591779,0.000396634968420565,-0.000298623216916755,-0.000956765235047698,0.000248855420861386
2018-01-12,0.000819372372584206,0.000905173786857527,0.000932164584010655,0.00104374369844811,0.000904486086053934,0.00060035740659609,0.000825873525726664
2018-01-13,0,0,0,0,0,0,0
2018-01-14,0,0,0,0,0,0,0
2018-01-15,0.000576283690892282,0.000786108032630614,0.000545936531504161,-0.000199919553160475,0.000526235133788641,0.000243464528531103,0.00041421629232084
2018-01-16,0.000270320299990608,0.000555404872809615,0.00131211463718188,0.00135111822827297,0.000994889096823449,0.00135224637612803,0.000649281689651533
2018-01-17,-0.000496403243876387,-0.000439629949118834,-0.000644843856493458,-0.00108742722547288,-0.000804517682669209,-3.09856620109125e-05,-0.0010016508144491
2018-01-18,0.000248219882990912,0.00330618522122447,0.00280864640535778,0.00332396411602301,0.00296352693626648,0.00282841323433673,0.00283192451149153
2018-01-19,0.000412353681000459,-0.000207310266394437,-0.000376650469821876,-0.000616583812689446,-3.62852027008665e-05,0.000362782057869217,-0.000237439360803323
2018-01-20,0,0,0,0,0,0,0
2018-01-21,0,0,0,0,0,0,0
2018-01-22,0.00142362923281603,0.00122155600394085,0.000933694081596355,0.000307393189711429,0.00121808496197174,0.000980370799998116,0.000933354248417373
2018-01-23,0.00109532099524492,0.0017662848875263,0.00148629312736866,0.00183801349694894,0.00187944520412341,0.00199725054798085,0.000998371421175799
2018-01-24,1.76160489284488e-05,0.000366462400100078,0.000370708283479694,0.00021497286666328,6.6005578024211e-06,-0.000403959111536016,-9.48277458147821e-05
2018-01-25,-0.00058632501248698,-8.0176280292732e-05,0.000356203269260897,0.000171746856926527,-0.00018862439338402,-0.000834731108509393,-5.15270606922833e-06
2018-01-26,-1.23629548916829e-06,-0.000395617913027643,-6.18618569533407e-05,0.000103578435817173,-0.000145328488896722,0.000254161969044512,-0.000442535201699161
2018-01-27,0,0,0,0,0,0,0
2018-01-28,0,0,0,0,0,0,0
2018-01-29,-0.000446528713395339,-0.00043984261927441,-0.000548465156002758,-0.000858696203922027,-0.000572835013835735,-0.000351420769281278,-0.000292187152574114
2018-01-30,8.44523534958471e-05,-0.000448263727987011,-0.000290255260447003,5.41183917689216e-05,-0.000154135165346413,0.000129001898987886,-0.000480400679198004
2018-01-31,0.000138226538306008,-0.000629386488589277,-0.00017837052949189,-0.000130397595198388,-0.00034296649118077,2.97158644830786e-05,-0.00057081052030251
2018-02-01,0.000264171064525903,0.000519177604913802,0.000531476350205737,0.0017328890334489,0.000596728101176668,-0.000209655654344272,-0.000111465779995056
2018-02-02,-0.000453179056655889,-0.00101258294744724,-0.000725565059291876,-0.000603553823111116,-0.000895087510539814,-0.000913710149345405,-0.000556506047537264
2018-02-03,0,0,0,0,0,0,0
2018-02-04,0,0,0,0,0,0,0
2018-02-05,-0.000145196244611804,0.000646211354954077,-0.000306499500775186,-0.000464367732111216,0.000255814009883187,0.000239101686285101,0.000378254818466358
2018-02-06,-0.000183633006141691,0.000122899134984779,0.000105465213861556,0.000804481140390261,0.000106600642143626,0.000487997527232927,-0.000326449910235525
2018-02-07,0.00150279081987508,0.00133917986393728,0.0010999318398195,0.000558183992361896,0.00134950175453975,0.00134513827990333,0.000686337646166941
2018-02-08,-0.000957745603156501,-0.000433745479528231,-0.000631772168960501,0.000498026777043413,-0.000827567889156639,-0.00184634946280615,-0.00101320822805227
2018-02-09,-0.000884957292185465,-0.000798573203232771,-0.00142413392523691,-0.000133852093136805,-0.00094111779335159,-0.000477264033044091,-0.00127391228032137
2018-02-10,0,0,0,0,0,0,0
2018-02-11,0,0,0,0,0,0,0
2018-02-12,0.000201837501636521,0.000656769336795563,0.000155367318659044,0.000479184096539984,0.000393020946180229,0.000376098631713085,6.56168254883746e-05
2018-02-13,0.000254233121039721,0.000269109026257726,-0.000142728451468082,-0.000417867259983007,-0.000188090804411132,-0.000178115635426712,-0.000523055809889511
2018-02-14,-0.0005092506000421,-0.000542009660729874,-0.000802919232270269,-0.00131241727361845,-0.00087707158368451,0.000236317378542727,-0.0012275779045259
2018-02-15,-0.000541802772397237,-0.000810926272166312,-0.000421449509340935,-0.000155362770870997,-0.000631735720108782,2.0850531857733e-05,-0.000498662535066514
2018-02-16,-0.0013655161439873,-0.00172419105239157,-0.00204718459255901,-0.000888589375637025,-0.00151054562461583,-0.00129327839333495,-0.00139711907845329
2018-02-17,0,0,0,0,0,0,0
2018-02-18,0,0,0,0,0,0,0
2018-02-19,0.00193210932659218,0.000775034558915857,0.000691074317858092,0.000115191376356869,0.000783566551916717,7.8842977419942e-05,0.00075225027047864
2018-02-20,0.000595078359302854,0.000313342060530241,0.000250310960928228,0.000317654290364974,0.00058504379045247,-3.74094638881058e-05,0.000693002231473834
2018-02-21,-0.000438858244964028,-0.000123220762685267,-0.000147971967610031,-0.000498784996716988,-0.000630050570301835,-0.000114173551141528,-0.000844380690379995
2018-02-22,0.000897594345154124,0.00127630123491188,0.000520657616157214,0.000774138050714101,0.0011075392126989,0.000146994572971165,0.000520263258066456
2018-02-23,-0.00225660776152106,-0.00245102453964271,-0.00338911083926774,-0.00142182660898546,-0.00299961867635666,-0.00131805519400374,-0.00298207392587864
2018-02-24,0,0,0,0,0,0,0
2018-02-25,0,0,0,0,0,0,0
2018-02-26,-0.00126346277037426,-0.00088478364300403,-0.000943906026115623,-0.000784177117158423,-0.00119681341464627,-0.000427978491217894,-0.00140728388825419
2018-02-27,-0.000161664383473109,0.000142080919473374,0.000209830739388926,0.000241124871046935,-0.000196617907752534,-0.000594742532248312,-0.000362313030467349
2018-02-28,0.00203928655357974,0.00194467482620837,0.0019547653936849,0.00183264791929396,0.00203845526909422,0.00216928285671792,0.000994461578292249
2018-03-01,-0.00030827078714802,-0.000238684986481298,-0.000175680649032835,-0.00123877853934387,-1.01619522896138e-05,-0.000126301192238399,0.000144931993748729
2018-03-02,-0.000879623456941487,-0.00175539620828343,-0.000788207146155168,0.000533544434950746,-0.000958745380956849,-0.000819719594148028,-0.000287402184130237
2018-03-03,0,0,0,0,0,0,0
2018-03-04,0,0,0,0,0,0,0
2018-03-05,0.00138712205650972,0.00142089528752629,0.000686927582847337,-5.27091090049744e-05,0.00137588510476272,0.00158384723078889,0.00110274116910597
2018-03-06,0.00249645136841405,0.00235507629829153,0.00269524494279494,0.000830031518147048,0.00268209648208372,0.00251557274752675,0.00247593805675278
2018-03-07,0.00087017155244751,0.00125499490543831,0.00146878897356774,0.00109263826238004,0.00157958432800135,0.00151328609163193,0.00174965502440047
2018-03-08,0.0012707994830059,0.000551428511754909,0.000589710156532602,0.000136422056806633,0.00107596750244987,0.000731953826325271,0.000864281962692954
2018-03-09,-0.000217472026437471,0.000560275537157069,8.57727202354594e-05,-0.000206659148063563,0.000211179282358652,0.000449587608754025,-7.00607739587704e-05
2018-03-10,0,0,0,0,0,0,0
2018-03-11,0,0,0,0,0,0,0
2018-03-12,-0.000421744880655245,-0.000149415128587578,5.5878109233598e-05,-0.000742459308942473,-8.23839507169896e-05,-0.000203654500784798,0.000194413197851781
2018-03-13,-0.000530025698263836,-0.000617247098826546,-1.92102153223267e-05,-0.000734025978823037,-0.000589031706114305,0.000170183635328738,-0.00055541615832193
2018-03-14,-0.000483136597930679,0.000270866372492497,0.000455591453640552,0.000873706118251014,0.000384411369165906,0.000654850501593225,-7.5466731570928e-05
2018-03-15,0.000583226580098235,0.00121503600353934,0.00140270898746226,5.12809071760516e-05,0.000972475296806762,0.0012684935039158,0.000633143670506001
2018-03-16,0.00239254156601445,0.0020142510207975,0.00205995555253243,0.00227438092991658,0.00185945073727573,0.000509949955788193,0.000977400679546364
2018-03-17,0,0,0,0,0,0,0
2018-03-18,0,0,0,0,0,0,0
2018-03-19,0.00147518383513559,0.001110175702243,0.00162914786082808,0.0016174201294857,0.00155156378401653,0.00138330483081137,0.000519983687147085
2018-03-20,0.000612219712006052,0.000484322687566097,0.000409868282477679,0.000930905848525686,0.000451066060546293,5.70599018230441e-05,0.000505390491638909
2018-03-21,0.000933123168327034,0.00106193625876007,0.000622581724051387,0.000506344424424308,0.000895540367641248,0.000804491999351637,0.000945343000636148
2018-03-22,-0.00166360177130638,-0.00180451497764199,-0.00157592266905392,-0.00127820648779309,-0.00220449197027682,-0.00148672802878668,-0.00223757254410573
2018-03-23,-0.000901771205570653,-0.000999858548479029,-0.000395927098026042,-0.000310861624473968,-0.000747507945815135,-0.000672180818074374,-0.000664367400590901
2018-03-24,0,0,0,0,0,0,0
2018-03-25,0,0,0,0,0,0,0
2018-03-26,-0.000205051879655186,-0.000648289026411679,-0.000974919337874991,0.000677453017418536,-0.000756244947867274,-0.0011223327396635,-0.00119282811493126
2018-03-27,0.00192749412700217,0.00124673851652559,0.00168459986653105,0.000560379371401949,0.00169945210746718,0.00199892160240193,0.00146320369285985
2018-03-28,-0.00264144877564291,-0.00291317047705482,-0.00175139267887955,-0.000126489680870271,-0.00233501605497989,-0.00256775869828402,-0.00200304735337491
2018-03-29,-0.000544243508496027,-0.00105096559900137,-0.00147982883855655,-0.000260804283574154,-0.00110281287680965,-0.00119869713242816,-0.000770258737654896
2018-03-30,0,0,0,0,0,0,0
2018-03-31,0,0,0,0,0,0,0
2018-04-01,0,0,0,0,0,0,0
2018-04-02,0.000851583918654862,0.000851583918654862,0.000851583918654862,-2.68831925936939e-05,0.000851583918654862,0.000851583918654862,0.000878467111248556
2018-04-03,-0.00195564333250381,-0.0016704346084259,-0.00190369175147606,-0.00131396586219305,-0.00206557280464909,-0.00146101118403856,-0.00203893161885534
2018-04-04,-0.00236984878488762,-0.0032729224800772,-0.00289525027415121,-0.00096295004059402,-0.00288377271831332,-0.00356968265960258,-0.00202275435844285
2018-04-05,0.00152800143543565,0.00151565042833039,0.00141532577969913,0.000656530176952058,0.00180749631619152,0.0016030540753926,0.00196345719731063
2018-04-06,0.000129382917021583,8.66966994224167e-05,0.000780972351591107,-7.10744202021687e-05,0.000124780602099132,0.00022639536874999,2.90116640888147e-05
2018-04-07,0,0,0,0,0,0,0
2018-04-08,0,0,0,0,0,0,0
2018-04-09,0.000112856652339988,3.10482430912938e-05,2.67381462813498e-05,-0.000210851181159061,2.27313263680423e-05,0.000101856076503049,-0.000262898602503064
2018-04-10,0.000371639237190587,0.000667195161250499,-0.000312975478482701,0.000704481173592314,0.00041861536603025,0.000480288978160824,0.000272586684310701
2018-04-11,-0.000233929518930465,7.10116439825202e-05,-0.000321111162502665,0.00053419493711824,-0.000217338535763896,4.36303342865455e-05,-0.00110835161544962
2018-04-12,0.0018076452423444,0.00261870686636871,0.00209859038882761,0.00222102946953114,0.00272315243688116,0.00222061956276848,0.00207217189163807
2018-04-13,-0.000268859615188791,-0.00049809838853628,0.000127114900517424,-0.00089127889520587,-0.000785417045336221,-0.000107985230827441,-0.00107947458054184
2018-04-14,0,0,0,0,0,0,0
2018-04-15,0,0,0,0,0,0,0
2018-04-16,0.000549063038697115,0.000343342863428381,0.000592164257739094,0.00103054153280126,0.000427728117124335,-0.000382031415287494,-8.94229006754242e-05
2018-04-17,-0.000948536591477656,-0.000831621699351153,-0.00070846887368709,0.00013625451119507,-0.000726739672396545,-0.000971253336666955,-0.00049297243970242
2018-04-18,-0.0018118664281664,-0.00166649301715997,-0.00104444761347048,-0.00134020956572266,-0.00176704372916383,-0.00123389552678885,-0.00170380144437899
2018-04-19,0.00163138189825716,0.000738007644813606,0.000984376826809525,0.00118238342765732,0.00125995385197168,0.000859817844041805,0.00132627409357201
2018-04-20,-0.00185586172719266,-0.00180686500752553,-0.00170135161127683,-0.00155865842116403,-0.00188934851196347,-0.00169276407257472,-0.00108552449462974
2018-04-21,0,0,0,0,0,0,0
2018-04-22,0,0,0,0,0,0,0
2018-04-23,0.00128522508572617,0.000812808842869307,0.000585981884400401,0.000457247925088396,0.000825103536763856,0.00038053064177961,0.000932279711803754
2018-04-24,-0.00189730225668816,-0.00195743935425803,-0.00140943085260354,-0.00109725584650435,-0.00190561239773887,-0.00103399418266378,-0.0020277279273206
2018-04-25,-0.000411502236881073,0.000134528576106279,0.000586393309027409,0.000348710521652307,0.000262574550104109,0.000713505643978072,0.000199049842492478
2018-04-26,-0.000367738164529825,3.3748428787169e-05,-0.000947198536195455,-9.71466434545863e-05,-0.00013356031464648,0.000480540433208839,-0.000478345646087408
2018-04-27,-0.000183478772596444,2.60403057606334e-05,-0.000210446809551377,-0.000737231202781533,0.000140691472759794,0.00111769601918854,0.000263130332591273
2018-04-28,0,0,0,0,0,0,0
2018-04-29,0,0,0,0,0,0,0
2018-04-30,0.000300756979502821,0.000506474357549833,-0.000163732624602924,-0.000208689216512311,0.000232480647734496,0.000440439927818559,0.000965382618175916
2018-05-01,-0.000454149481550229,-0.000619511688355428,-0.000678017155482145,-0.000325950218612457,-0.00086423847734938,-0.000502570384287011,-0.000843973744270327
2018-05-02,0.0013534944111011,0.00196045529295638,0.0020382387257558,-0.000192878273836124,0.00182902682120611,0.0014661495090012,0.00168488849111587
2018-05-03,-0.000601073508443899,-0.00121129544941991,-0.00182784247094624,-0.00143862568986181,-0.00178244311597266,-0.000750334562838184,-0.00177481934775077
2018-05-04,-0.000230724703085051,-0.000540269175436759,-0.000506319342052281,4.74011458279394e-06,-0.000336632848018378,-0.000435025629300959,-0.000295371044537316
2018-05-05,0,0,0,0,0,0,0
2018-05-06,0,0,0,0,0,0,0
2018-05-07,-4.63928674707641e-06,0.000249114366710863,0.000299919379552986,-0.000203751318304177,0.000212558554076992,0.000399915624955635,0.000322234004216728
2018-05-08,-7.97904393765345e-05,-0.000178090412425898,0.000532872886439709,0.000482842552444628,0.000126190405424881,-5.95693547380433e-05,2.82761318543463e-05
2018-05-09,-0.00104016386488378,-0.000766349034290876,-0.000592949311295038,-0.000199778622455284,-0.000832998578359276,-0.0010298894474945,-0.000953304351710869
2018-05-10,-0.000362627447147238,-0.00051422057092868,-0.000451856156106491,-0.000211666928590011,-0.000525504050313971,-0.000406226620884563,-4.65246171871716e-05
2018-05-11,0.000306635925589846,0.000654061519395444,0.000763567116925377,0.000250865744216652,0.000183119794447213,0.000384462762249971,0.00054305496573341
2018-05-12,0,0,0,0,0,0,0
2018-05-13,0,0,0,0,0,0,0
2018-05-14,-0.000892818302872156,-0.00073878677383989,-0.000907536700240008,-0.000993708029730104,-0.00105833877501468,-0.000215975897808674,-0.00124584515612845
2018-05-15,-0.000101571459631341,0.000473470538255318,0.000359381667566245,0.000411991889102003,7.43810776384152e-05,-2.37110813537197e-05,-0.000189525522022865
2018-05-16,-0.00141485787738113,-0.000783883085479349,-0.000981681314512044,0.000197346476050065,-0.000761742098668186,0.000315386757894572,-0.000596195801843512
2018-05-17,-0.00128315790776579,-0.00104747979354601,-0.00160513660516693,-0.00107321668755433,-0.00158660423934918,-0.0013370308702494,-0.000808544504934391
2018-05-18,-0.00219946648215524,-0.00186235155411855,-0.00161923840369717,-0.000189042200151388,-0.0019178431426891,-0.00103735818949131,-0.00212637727112445
2018-05-19,0,0,0,0,0,0,0
2018-05-20,0,0,0,0,0,0,0
2018-05-21,-0.000979369994373669,-0.000821175280750171,-0.00102043666609681,-2.73430671330662e-05,-0.000787454247051995,-0.000903384304640776,-0.000729794549222996
2018-05-22,0.00142052750185976,0.00106996939612334,0.000794809567054567,0.000428727055792279,0.000941126546057894,0.000554079218857093,0.00139645440737306
2018-05-23,-0.000590555815617341,-0.000596127522296454,-0.000182595452741251,-6.2344424868896e-05,-0.000755752500716887,-0.000473813597638917,-0.00106530983925084
2018-05-24,0.000660013797551633,0.00139049894739077,0.00151406857837227,0.000467769953364663,0.0012874329574963,0.00203474429046742,1.80055378211709e-05
2018-05-25,0.000429460789068394,0.000659587581544104,8.43032820849352e-05,-9.35097150440192e-05,0.000628173587103951,0.000737643896170615,0.000580158666127652
2018-05-26,0,0,0,0,0,0,0
2018-05-27,0,0,0,0,0,0,0
2018-05-28,-0.000876989396432343,-0.000707691099734419,-0.00120823768873853,0.000298370295616529,-0.000800779286521763,-0.00066719011874302,-0.000842158424577034
2018-05-29,-0.0021911549529669,-0.00207187758785409,-0.0014428820813993,-0.00163628961348145,-0.0020817583164219,-0.000894001736089622,-0.00226767071433759
2018-05-30,-0.00151825595967601,-0.00156438043656779,-0.00185354138264979,-0.000624849995100633,-0.00179288609403437,-0.00143365926433393,-0.00160060052249053
2018-05-31,-0.000144259916849636,0.000668251956720133,0.00119616330348768,0.000500307556752069,0.000554881349576295,0.00110659593799202,-8.18526018518027e-05
2018-06-01,0.000509633563164932,0.000949859619484026,0.000744989180119,0.000611846104413494,0.000883601483495018,-0.00021794944212877,0.00178899396683398
2018-06-02,0,0,0,0,0,0,0
2018-06-03,0,0,0,0,0,0,0
2018-06-04,0.000585478037003342,0.000451349804739861,0.00079292219864574,0.000265194974897431,0.000511756106591818,0.000144590183875331,0.000190103162844108
2018-06-05,-0.00112815827582058,-0.000766850800234355,-0.00082281154179152,-0.0011540515556337,-0.000904701243228825,0.000215662791212529,-0.00128543421482344
2018-06-06,0.000772168075877473,0.000536939839567789,0.000585811426734767,0.000800760230562471,0.000811993054241574,0.00020198054548989,0.00123770563376364
2018-06-07,-8.56528752431239e-06,0.000228534641882118,9.07535990580382e-05,0.000267399246323598,0.000140682161373932,-0.000301246687892437,-0.000361557332028565
2018-06-08,-0.00253086939531817,-0.00262550340782385,-0.00260562323243799,-0.00116506633268098,-0.00254800249162115,-0.00203443280617337,-0.0022655960180488
2018-06-09,0,0,0,0,0,0,0
2018-06-10,0,0,0,0,0,0,0
2018-06-11,-0.000131068549125923,-0.000543364351007774,0.000546852926256986,-0.000474914499576992,-0.000100528032382702,-0.000321221535261646,0.000190252592282485
2018-06-12,0.000416482424780109,0.000990476944160796,0.000819823990283953,0.000450698027792872,0.00074247980247788,0.00117891295033032,0.000476843850530081
2018-06-13,0.000411525508565186,4.98213592986587e-05,0.000261781101661081,-0.000666214948357742,0.000155122875257576,0.000736919614114308,-1.72235125844763e-05
2018-06-14,-0.000685014586468796,-0.000547534986914204,-0.000455833232754495,-0.000841731384758281,-0.000707190506804254,7.65104132337722e-05,4.91679327717066e-05
2018-06-15,-0.00147195685093468,-0.00149114527616227,-0.00137275887979742,-0.000418950078696682,-0.00103348157406351,3.66781814080222e-05,-0.00135857893378957
2018-06-16,0,0,0,0,0,0,0
2018-06-17,0,0,0,0,0,0,0
2018-06-18,0.000550025808021625,0.000926265639731978,0.000491662502017175,0.000426358315759355,0.000361948619727875,0.00031667310648211,3.74855705060998e-05
2018-06-19,0.000196912606486828,-3.36472094560917e-06,0.000614182204110949,0.000366367061594136,0.000233265442664173,0.000283848403517081,0.00038043396433973
2018-06-20,0.00127864418481463,0.00112731798476474,0.00122522356004595,0.00102325172997201,0.0014053749934407,0.00151047386194947,0.000984304315783746
2018-06-21,0.00112783453659279,0.00141995577223173,0.00145686459912745,0.00123709716418461,0.00128210633603459,0.00107823510864142,0.00163206921097972
2018-06-22,-0.000704622461365782,-0.000712057767780028,-0.00116609335387016,-0.000790249027482652,-0.000792333024932386,-0.00107790575002603,-0.000663851696554993
2018-06-23,0,0,0,0,0,0,0
2018-06-24,0,0,0,0,0,0,0
2018-06-25,0.000369125877317304,9.78356039486892e-05,0.000437902118513811,7.94643788640061e-05,0.000165510967340063,-0.00011574974282757,0.000407525507683368
2018-06-26,0.000270023859136392,0.000226266320856012,0.00058102434284665,-0.00057406435077304,0.000594389158862134,0.00115818349408129,0.000186399944335021
2018-06-27,0.00023406072130122,0.000476411136134212,0.00039656745047976,-0.00103912393297914,0.000590575022435301,0.00110488963135898,0.000981270625860819
2018-06-28,-0.000997675201157195,-0.00182139671515802,-0.00138471512386978,-0.000262809500433641,-0.00166504807509115,-0.00130216342170558,-0.0013616781887186
2018-06-29,4.35554750077702e-05,-2.37987121378126e-06,0.000586573414856156,0.000292324643262758,0.000435021136466065,0.000545959258145,7.40118691417204e-05
2018-06-30,0,0,0,0,0,0,0
2018-07-01,0,0,0,0,0,0,0
2018-07-02,0.000533691396161325,0.000186514731858735,0.000272757697002673,0.0015834108222299,0.000447663817212645,-0.000160485137612538,-0.000247835033210154
2018-07-03,-0.000268938006493222,-0.00095390751470248,-0.000461870859848434,-0.0014353609420829,-0.000824741750571988,3.37169801718141e-05,-0.00077166914410369
2018-07-04,-0.00174675380883513,-0.00168154589837125,-0.00145870146485085,-3.97766763716272e-05,-0.00191016983257007,-0.00175938798894514,-0.00131821428649982
2018-07-05,-0.000384168667250891,-0.000144893735424955,-0.000187699679990967,-0.00104535263601478,-0.000445529289950211,-0.000795844142442107,-0.000691190156913209
